S.No.,status_group
1,0
2,0
3,0
4,1
5,0
6,0
7,0
8,2
9,2
10,0
11,0
12,2
13,2
14,1
15,0
16,0
17,0
18,2
19,1
20,0
21,2
22,2
23,2
24,0
25,0
26,2
27,2
28,2
29,2
30,0
31,0
32,0
33,0
34,0
35,0
36,0
37,2
38,2
39,0
40,0
41,0
42,1
43,0
44,0
45,2
46,2
47,2
48,0
49,0
50,2
51,2
52,2
53,2
54,0
55,0
56,0
57,0
58,1
59,0
60,2
61,1
62,0
63,2
64,2
65,1
66,0
67,0
68,0
69,2
70,0
71,0
72,0
73,2
74,0
75,0
76,0
77,2
78,0
79,2
80,2
81,2
82,0
83,0
84,2
85,2
86,2
87,2
88,0
89,0
90,2
91,0
92,2
93,0
94,0
95,0
96,0
97,0
98,0
99,2
100,1
101,1
102,0
103,0
104,0
105,2
106,0
107,0
108,0
109,2
110,1
111,0
112,0
113,0
114,2
115,0
116,0
117,2
118,0
119,1
120,2
121,0
122,0
123,2
124,0
125,0
126,0
127,0
128,1
129,2
130,0
131,0
132,0
133,0
134,0
135,1
136,0
137,0
138,0
139,0
140,0
141,0
142,2
143,0
144,2
145,2
146,0
147,0
148,0
149,0
150,0
151,0
152,2
153,0
154,2
155,0
156,2
157,2
158,2
159,2
160,0
161,0
162,0
163,0
164,0
165,0
166,2
167,2
168,2
169,2
170,0
171,2
172,0
173,0
174,0
175,0
176,0
177,0
178,2
179,2
180,0
181,0
182,2
183,0
184,2
185,0
186,0
187,2
188,0
189,0
190,0
191,0
192,0
193,1
194,2
195,0
196,2
197,0
198,2
199,2
200,0
201,0
202,0
203,2
204,0
205,2
206,0
207,0
208,2
209,0
210,0
211,0
212,2
213,0
214,0
215,2
216,0
217,2
218,0
219,2
220,0
221,2
222,0
223,0
224,2
225,2
226,0
227,2
228,0
229,0
230,0
231,0
232,0
233,0
234,2
235,2
236,2
237,0
238,2
239,0
240,2
241,0
242,0
243,0
244,0
245,0
246,0
247,0
248,2
249,1
250,0
251,0
252,2
253,0
254,1
255,0
256,0
257,0
258,0
259,0
260,0
261,2
262,0
263,0
264,0
265,0
266,0
267,1
268,0
269,2
270,0
271,0
272,0
273,0
274,2
275,2
276,0
277,0
278,2
279,2
280,2
281,0
282,2
283,0
284,0
285,2
286,0
287,0
288,0
289,0
290,2
291,0
292,0
293,0
294,2
295,2
296,2
297,2
298,0
299,1
300,0
301,0
302,2
303,2
304,0
305,2
306,0
307,2
308,0
309,0
310,2
311,0
312,2
313,0
314,0
315,2
316,0
317,1
318,0
319,0
320,0
321,2
322,2
323,0
324,0
325,2
326,2
327,0
328,0
329,0
330,2
331,0
332,2
333,2
334,2
335,0
336,1
337,0
338,0
339,0
340,2
341,0
342,0
343,0
344,2
345,0
346,2
347,0
348,2
349,0
350,0
351,0
352,1
353,1
354,2
355,2
356,0
357,1
358,2
359,0
360,0
361,1
362,0
363,0
364,0
365,0
366,2
367,1
368,0
369,0
370,0
371,0
372,0
373,0
374,2
375,0
376,0
377,1
378,0
379,0
380,2
381,0
382,2
383,2
384,0
385,0
386,2
387,0
388,2
389,0
390,0
391,2
392,0
393,2
394,0
395,0
396,2
397,0
398,2
399,1
400,2
401,2
402,0
403,2
404,0
405,0
406,0
407,2
408,0
409,0
410,2
411,0
412,0
413,0
414,2
415,0
416,2
417,0
418,0
419,2
420,0
421,0
422,0
423,0
424,0
425,0
426,0
427,0
428,2
429,0
430,0
431,0
432,0
433,0
434,0
435,2
436,2
437,0
438,0
439,1
440,0
441,0
442,0
443,0
444,0
445,0
446,0
447,0
448,2
449,0
450,0
451,0
452,0
453,0
454,0
455,0
456,0
457,0
458,0
459,2
460,0
461,0
462,0
463,0
464,0
465,2
466,0
467,2
468,2
469,0
470,0
471,0
472,2
473,0
474,2
475,2
476,2
477,2
478,0
479,2
480,2
481,2
482,0
483,0
484,0
485,0
486,2
487,2
488,2
489,2
490,0
491,0
492,0
493,0
494,2
495,2
496,0
497,0
498,2
499,2
500,0
501,2
502,0
503,0
504,0
505,2
506,0
507,0
508,0
509,0
510,0
511,0
512,0
513,0
514,0
515,0
516,0
517,2
518,0
519,1
520,0
521,2
522,0
523,2
524,0
525,2
526,2
527,2
528,2
529,0
530,0
531,0
532,2
533,0
534,2
535,0
536,1
537,2
538,0
539,0
540,2
541,2
542,2
543,0
544,2
545,0
546,0
547,0
548,0
549,0
550,0
551,2
552,2
553,1
554,0
555,1
556,0
557,0
558,0
559,2
560,0
561,0
562,0
563,2
564,2
565,0
566,1
567,0
568,0
569,2
570,0
571,0
572,0
573,0
574,0
575,0
576,0
577,0
578,0
579,0
580,0
581,0
582,0
583,2
584,2
585,2
586,0
587,0
588,0
589,0
590,0
591,0
592,0
593,0
594,2
595,0
596,0
597,0
598,2
599,0
600,2
601,2
602,0
603,0
604,1
605,2
606,0
607,0
608,0
609,2
610,0
611,1
612,2
613,0
614,0
615,0
616,2
617,2
618,2
619,2
620,0
621,2
622,2
623,0
624,2
625,0
626,0
627,2
628,0
629,0
630,0
631,0
632,0
633,2
634,0
635,0
636,0
637,0
638,0
639,0
640,0
641,0
642,0
643,0
644,1
645,0
646,0
647,0
648,0
649,2
650,0
651,0
652,0
653,0
654,0
655,2
656,0
657,0
658,0
659,0
660,0
661,0
662,0
663,2
664,0
665,0
666,0
667,2
668,0
669,2
670,0
671,0
672,2
673,2
674,0
675,2
676,2
677,2
678,0
679,0
680,0
681,0
682,0
683,0
684,0
685,0
686,2
687,2
688,2
689,2
690,0
691,0
692,2
693,0
694,0
695,0
696,2
697,2
698,0
699,0
700,2
701,0
702,0
703,0
704,0
705,0
706,0
707,2
708,0
709,2
710,2
711,0
712,0
713,0
714,2
715,2
716,0
717,0
718,2
719,2
720,0
721,0
722,0
723,2
724,2
725,0
726,2
727,0
728,0
729,0
730,2
731,2
732,2
733,0
734,2
735,2
736,0
737,0
738,0
739,0
740,0
741,2
742,0
743,2
744,0
745,0
746,2
747,0
748,0
749,2
750,0
751,0
752,2
753,2
754,0
755,0
756,0
757,2
758,0
759,2
760,2
761,2
762,0
763,2
764,0
765,0
766,0
767,0
768,0
769,2
770,0
771,2
772,0
773,0
774,0
775,0
776,0
777,0
778,0
779,0
780,2
781,0
782,2
783,0
784,2
785,0
786,0
787,0
788,0
789,2
790,0
791,0
792,0
793,2
794,2
795,0
796,2
797,0
798,0
799,0
800,2
801,0
802,0
803,0
804,0
805,0
806,2
807,2
808,2
809,0
810,2
811,2
812,0
813,2
814,0
815,0
816,0
817,0
818,0
819,0
820,0
821,0
822,2
823,0
824,0
825,2
826,0
827,0
828,0
829,0
830,0
831,0
832,2
833,0
834,0
835,0
836,0
837,0
838,0
839,2
840,0
841,0
842,0
843,2
844,0
845,2
846,2
847,0
848,0
849,0
850,0
851,0
852,2
853,2
854,0
855,0
856,0
857,0
858,2
859,0
860,0
861,0
862,2
863,0
864,0
865,0
866,0
867,0
868,0
869,0
870,0
871,0
872,1
873,0
874,0
875,2
876,2
877,0
878,0
879,1
880,2
881,0
882,2
883,0
884,2
885,0
886,2
887,0
888,0
889,0
890,1
891,0
892,2
893,2
894,2
895,1
896,0
897,2
898,0
899,2
900,2
901,2
902,2
903,0
904,2
905,0
906,0
907,0
908,2
909,2
910,0
911,0
912,0
913,0
914,2
915,2
916,0
917,2
918,0
919,2
920,0
921,2
922,2
923,0
924,0
925,0
926,0
927,2
928,2
929,0
930,1
931,2
932,2
933,0
934,0
935,2
936,0
937,0
938,0
939,2
940,0
941,2
942,2
943,0
944,0
945,1
946,0
947,2
948,0
949,0
950,0
951,0
952,0
953,0
954,2
955,0
956,0
957,2
958,2
959,0
960,0
961,0
962,2
963,0
964,2
965,2
966,2
967,2
968,0
969,0
970,2
971,0
972,0
973,0
974,0
975,2
976,0
977,2
978,0
979,2
980,0
981,2
982,0
983,2
984,0
985,2
986,0
987,0
988,0
989,0
990,0
991,2
992,2
993,2
994,0
995,2
996,0
997,2
998,2
999,0
1000,0
1001,1
1002,0
1003,0
1004,0
1005,2
1006,0
1007,0
1008,0
1009,0
1010,2
1011,0
1012,2
1013,2
1014,0
1015,0
1016,2
1017,2
1018,0
1019,0
1020,0
1021,0
1022,2
1023,0
1024,2
1025,0
1026,0
1027,0
1028,1
1029,0
1030,0
1031,0
1032,2
1033,2
1034,2
1035,2
1036,0
1037,0
1038,0
1039,0
1040,0
1041,0
1042,2
1043,2
1044,0
1045,2
1046,0
1047,0
1048,2
1049,0
1050,1
1051,0
1052,0
1053,0
1054,0
1055,0
1056,0
1057,2
1058,0
1059,0
1060,0
1061,2
1062,2
1063,0
1064,2
1065,0
1066,0
1067,0
1068,0
1069,0
1070,0
1071,2
1072,0
1073,2
1074,0
1075,2
1076,0
1077,0
1078,0
1079,2
1080,0
1081,0
1082,2
1083,0
1084,0
1085,2
1086,2
1087,2
1088,2
1089,0
1090,2
1091,0
1092,2
1093,2
1094,2
1095,0
1096,0
1097,0
1098,0
1099,0
1100,0
1101,0
1102,0
1103,2
1104,0
1105,2
1106,2
1107,2
1108,0
1109,0
1110,0
1111,0
1112,2
1113,0
1114,0
1115,0
1116,0
1117,0
1118,0
1119,2
1120,2
1121,0
1122,2
1123,0
1124,2
1125,2
1126,0
1127,0
1128,2
1129,0
1130,0
1131,0
1132,1
1133,1
1134,0
1135,0
1136,2
1137,0
1138,0
1139,0
1140,2
1141,1
1142,0
1143,2
1144,0
1145,2
1146,2
1147,2
1148,0
1149,0
1150,2
1151,0
1152,1
1153,2
1154,0
1155,0
1156,0
1157,2
1158,2
1159,2
1160,0
1161,2
1162,2
1163,0
1164,2
1165,0
1166,2
1167,0
1168,0
1169,0
1170,0
1171,2
1172,2
1173,2
1174,0
1175,0
1176,2
1177,0
1178,0
1179,2
1180,2
1181,2
1182,0
1183,0
1184,0
1185,0
1186,2
1187,2
1188,0
1189,0
1190,2
1191,0
1192,2
1193,0
1194,0
1195,2
1196,0
1197,2
1198,2
1199,0
1200,0
1201,0
1202,2
1203,0
1204,0
1205,0
1206,2
1207,0
1208,0
1209,2
1210,0
1211,0
1212,2
1213,2
1214,0
1215,0
1216,2
1217,0
1218,0
1219,2
1220,2
1221,2
1222,0
1223,0
1224,2
1225,0
1226,0
1227,0
1228,2
1229,0
1230,2
1231,0
1232,2
1233,2
1234,2
1235,2
1236,2
1237,2
1238,2
1239,2
1240,2
1241,2
1242,0
1243,2
1244,0
1245,2
1246,2
1247,0
1248,0
1249,2
1250,0
1251,2
1252,2
1253,0
1254,0
1255,0
1256,0
1257,0
1258,0
1259,0
1260,2
1261,0
1262,2
1263,0
1264,0
1265,2
1266,2
1267,0
1268,0
1269,2
1270,0
1271,0
1272,2
1273,0
1274,0
1275,2
1276,0
1277,2
1278,2
1279,2
1280,2
1281,0
1282,0
1283,0
1284,2
1285,0
1286,0
1287,0
1288,0
1289,0
1290,2
1291,0
1292,0
1293,2
1294,2
1295,0
1296,0
1297,0
1298,0
1299,0
1300,0
1301,2
1302,0
1303,0
1304,0
1305,2
1306,0
1307,2
1308,2
1309,2
1310,0
1311,1
1312,0
1313,0
1314,2
1315,0
1316,2
1317,0
1318,0
1319,0
1320,0
1321,2
1322,2
1323,1
1324,0
1325,2
1326,0
1327,0
1328,0
1329,2
1330,2
1331,2
1332,2
1333,2
1334,2
1335,2
1336,0
1337,2
1338,0
1339,0
1340,0
1341,0
1342,0
1343,0
1344,0
1345,0
1346,0
1347,0
1348,2
1349,2
1350,0
1351,2
1352,0
1353,2
1354,0
1355,2
1356,0
1357,0
1358,2
1359,0
1360,0
1361,2
1362,0
1363,2
1364,0
1365,0
1366,0
1367,2
1368,0
1369,0
1370,2
1371,0
1372,2
1373,2
1374,0
1375,0
1376,0
1377,0
1378,0
1379,0
1380,2
1381,0
1382,2
1383,0
1384,0
1385,0
1386,2
1387,0
1388,0
1389,2
1390,2
1391,2
1392,2
1393,0
1394,0
1395,0
1396,2
1397,2
1398,0
1399,2
1400,0
1401,0
1402,2
1403,0
1404,0
1405,2
1406,2
1407,0
1408,2
1409,2
1410,2
1411,0
1412,2
1413,0
1414,0
1415,0
1416,0
1417,2
1418,0
1419,2
1420,0
1421,0
1422,0
1423,2
1424,0
1425,0
1426,0
1427,2
1428,0
1429,2
1430,2
1431,1
1432,0
1433,0
1434,0
1435,2
1436,2
1437,2
1438,0
1439,2
1440,0
1441,0
1442,2
1443,2
1444,0
1445,0
1446,2
1447,0
1448,2
1449,0
1450,0
1451,0
1452,2
1453,2
1454,0
1455,2
1456,0
1457,2
1458,0
1459,0
1460,1
1461,0
1462,0
1463,0
1464,2
1465,0
1466,0
1467,0
1468,0
1469,2
1470,0
1471,0
1472,2
1473,0
1474,0
1475,2
1476,0
1477,0
1478,0
1479,0
1480,1
1481,0
1482,0
1483,0
1484,0
1485,0
1486,2
1487,1
1488,0
1489,0
1490,1
1491,0
1492,0
1493,0
1494,2
1495,2
1496,0
1497,0
1498,2
1499,0
1500,0
1501,0
1502,0
1503,0
1504,0
1505,1
1506,0
1507,2
1508,0
1509,0
1510,0
1511,2
1512,0
1513,0
1514,0
1515,2
1516,0
1517,0
1518,2
1519,2
1520,0
1521,2
1522,0
1523,0
1524,0
1525,2
1526,2
1527,2
1528,0
1529,0
1530,1
1531,2
1532,0
1533,1
1534,0
1535,0
1536,1
1537,0
1538,2
1539,0
1540,0
1541,0
1542,0
1543,2
1544,2
1545,0
1546,0
1547,0
1548,2
1549,0
1550,0
1551,2
1552,2
1553,2
1554,0
1555,0
1556,2
1557,0
1558,0
1559,2
1560,0
1561,1
1562,0
1563,0
1564,1
1565,2
1566,0
1567,0
1568,0
1569,0
1570,0
1571,0
1572,0
1573,2
1574,0
1575,0
1576,2
1577,0
1578,0
1579,2
1580,0
1581,2
1582,2
1583,2
1584,2
1585,0
1586,0
1587,0
1588,2
1589,0
1590,0
1591,0
1592,2
1593,1
1594,0
1595,0
1596,2
1597,0
1598,0
1599,0
1600,0
1601,0
1602,0
1603,0
1604,0
1605,0
1606,0
1607,2
1608,2
1609,2
1610,2
1611,0
1612,0
1613,2
1614,2
1615,0
1616,2
1617,2
1618,0
1619,0
1620,0
1621,0
1622,0
1623,2
1624,2
1625,0
1626,0
1627,2
1628,0
1629,0
1630,2
1631,2
1632,0
1633,2
1634,0
1635,0
1636,0
1637,0
1638,0
1639,2
1640,0
1641,2
1642,0
1643,0
1644,2
1645,0
1646,0
1647,0
1648,0
1649,0
1650,2
1651,0
1652,1
1653,2
1654,0
1655,0
1656,0
1657,2
1658,2
1659,0
1660,0
1661,0
1662,0
1663,2
1664,0
1665,2
1666,2
1667,0
1668,2
1669,2
1670,0
1671,0
1672,0
1673,0
1674,0
1675,0
1676,0
1677,0
1678,0
1679,0
1680,2
1681,0
1682,2
1683,0
1684,2
1685,2
1686,0
1687,2
1688,2
1689,0
1690,0
1691,2
1692,0
1693,0
1694,0
1695,2
1696,0
1697,2
1698,2
1699,2
1700,2
1701,2
1702,0
1703,2
1704,2
1705,1
1706,2
1707,2
1708,0
1709,0
1710,0
1711,0
1712,2
1713,0
1714,1
1715,2
1716,0
1717,2
1718,0
1719,2
1720,0
1721,0
1722,0
1723,2
1724,2
1725,0
1726,0
1727,0
1728,0
1729,2
1730,0
1731,2
1732,0
1733,1
1734,2
1735,0
1736,0
1737,0
1738,2
1739,2
1740,0
1741,0
1742,0
1743,2
1744,0
1745,2
1746,0
1747,2
1748,0
1749,0
1750,2
1751,0
1752,0
1753,0
1754,2
1755,1
1756,0
1757,0
1758,0
1759,0
1760,2
1761,0
1762,0
1763,0
1764,0
1765,0
1766,2
1767,0
1768,2
1769,2
1770,0
1771,0
1772,2
1773,2
1774,0
1775,0
1776,0
1777,2
1778,0
1779,2
1780,0
1781,0
1782,2
1783,2
1784,2
1785,2
1786,0
1787,0
1788,0
1789,0
1790,0
1791,0
1792,0
1793,2
1794,0
1795,0
1796,0
1797,2
1798,0
1799,0
1800,0
1801,0
1802,2
1803,0
1804,2
1805,2
1806,0
1807,0
1808,1
1809,0
1810,0
1811,0
1812,2
1813,0
1814,0
1815,2
1816,2
1817,0
1818,0
1819,0
1820,0
1821,2
1822,0
1823,0
1824,0
1825,0
1826,2
1827,2
1828,2
1829,0
1830,0
1831,0
1832,0
1833,2
1834,0
1835,0
1836,2
1837,0
1838,0
1839,0
1840,0
1841,2
1842,0
1843,2
1844,0
1845,2
1846,0
1847,2
1848,0
1849,0
1850,0
1851,2
1852,2
1853,0
1854,0
1855,0
1856,0
1857,0
1858,0
1859,2
1860,1
1861,2
1862,0
1863,0
1864,0
1865,2
1866,0
1867,2
1868,0
1869,0
1870,0
1871,2
1872,0
1873,2
1874,0
1875,0
1876,2
1877,2
1878,0
1879,0
1880,0
1881,0
1882,0
1883,2
1884,0
1885,0
1886,0
1887,0
1888,2
1889,0
1890,2
1891,2
1892,2
1893,0
1894,0
1895,0
1896,0
1897,0
1898,0
1899,0
1900,0
1901,2
1902,0
1903,2
1904,0
1905,0
1906,0
1907,0
1908,2
1909,0
1910,2
1911,0
1912,0
1913,0
1914,0
1915,2
1916,2
1917,2
1918,0
1919,0
1920,0
1921,0
1922,0
1923,0
1924,0
1925,0
1926,0
1927,0
1928,0
1929,2
1930,0
1931,0
1932,2
1933,0
1934,0
1935,0
1936,0
1937,0
1938,0
1939,2
1940,0
1941,0
1942,2
1943,0
1944,2
1945,0
1946,0
1947,2
1948,0
1949,0
1950,0
1951,0
1952,0
1953,0
1954,2
1955,2
1956,1
1957,2
1958,2
1959,2
1960,2
1961,2
1962,2
1963,0
1964,2
1965,0
1966,0
1967,0
1968,0
1969,2
1970,2
1971,0
1972,1
1973,0
1974,0
1975,0
1976,1
1977,2
1978,0
1979,0
1980,1
1981,2
1982,2
1983,0
1984,0
1985,2
1986,0
1987,0
1988,0
1989,0
1990,0
1991,0
1992,2
1993,0
1994,0
1995,0
1996,0
1997,2
1998,0
1999,0
2000,2
2001,2
2002,0
2003,2
2004,1
2005,2
2006,0
2007,0
2008,0
2009,0
2010,0
2011,2
2012,0
2013,2
2014,2
2015,0
2016,0
2017,0
2018,1
2019,0
2020,0
2021,0
2022,2
2023,2
2024,0
2025,0
2026,0
2027,0
2028,1
2029,0
2030,2
2031,0
2032,0
2033,2
2034,0
2035,0
2036,2
2037,0
2038,2
2039,0
2040,0
2041,0
2042,0
2043,0
2044,2
2045,0
2046,0
2047,0
2048,1
2049,0
2050,0
2051,0
2052,2
2053,2
2054,0
2055,2
2056,2
2057,2
2058,0
2059,0
2060,2
2061,2
2062,0
2063,2
2064,2
2065,0
2066,2
2067,2
2068,0
2069,2
2070,0
2071,0
2072,2
2073,2
2074,0
2075,2
2076,0
2077,0
2078,0
2079,2
2080,2
2081,0
2082,2
2083,1
2084,2
2085,1
2086,0
2087,0
2088,0
2089,2
2090,0
2091,2
2092,0
2093,2
2094,0
2095,0
2096,0
2097,0
2098,0
2099,0
2100,0
2101,1
2102,2
2103,0
2104,0
2105,2
2106,2
2107,0
2108,0
2109,0
2110,0
2111,0
2112,2
2113,0
2114,0
2115,0
2116,1
2117,0
2118,0
2119,0
2120,0
2121,0
2122,0
2123,0
2124,2
2125,0
2126,2
2127,0
2128,2
2129,0
2130,2
2131,0
2132,0
2133,2
2134,0
2135,0
2136,2
2137,2
2138,0
2139,0
2140,2
2141,2
2142,0
2143,2
2144,2
2145,2
2146,0
2147,2
2148,2
2149,0
2150,2
2151,2
2152,2
2153,0
2154,0
2155,0
2156,0
2157,2
2158,0
2159,0
2160,0
2161,2
2162,2
2163,0
2164,0
2165,2
2166,2
2167,2
2168,2
2169,0
2170,0
2171,2
2172,2
2173,0
2174,2
2175,0
2176,2
2177,2
2178,0
2179,0
2180,0
2181,0
2182,2
2183,0
2184,2
2185,0
2186,0
2187,2
2188,2
2189,0
2190,0
2191,0
2192,0
2193,0
2194,2
2195,2
2196,0
2197,0
2198,0
2199,2
2200,0
2201,2
2202,0
2203,0
2204,1
2205,0
2206,0
2207,0
2208,2
2209,0
2210,0
2211,0
2212,2
2213,0
2214,2
2215,0
2216,0
2217,2
2218,0
2219,0
2220,0
2221,2
2222,0
2223,0
2224,0
2225,0
2226,0
2227,0
2228,0
2229,0
2230,2
2231,0
2232,2
2233,2
2234,2
2235,0
2236,0
2237,0
2238,1
2239,0
2240,0
2241,0
2242,0
2243,2
2244,2
2245,0
2246,0
2247,2
2248,2
2249,2
2250,2
2251,0
2252,0
2253,0
2254,0
2255,0
2256,0
2257,2
2258,2
2259,2
2260,0
2261,0
2262,2
2263,0
2264,2
2265,2
2266,2
2267,0
2268,0
2269,2
2270,2
2271,0
2272,0
2273,2
2274,0
2275,0
2276,1
2277,0
2278,2
2279,0
2280,2
2281,0
2282,0
2283,0
2284,0
2285,0
2286,2
2287,0
2288,2
2289,2
2290,2
2291,0
2292,0
2293,2
2294,0
2295,2
2296,0
2297,2
2298,0
2299,2
2300,2
2301,0
2302,0
2303,2
2304,0
2305,2
2306,0
2307,0
2308,0
2309,0
2310,2
2311,0
2312,2
2313,0
2314,2
2315,2
2316,0
2317,0
2318,0
2319,2
2320,0
2321,0
2322,2
2323,0
2324,0
2325,0
2326,0
2327,2
2328,0
2329,0
2330,1
2331,0
2332,0
2333,0
2334,2
2335,2
2336,0
2337,0
2338,0
2339,0
2340,0
2341,0
2342,2
2343,2
2344,0
2345,0
2346,2
2347,0
2348,0
2349,2
2350,0
2351,2
2352,0
2353,2
2354,0
2355,0
2356,0
2357,0
2358,2
2359,2
2360,2
2361,0
2362,0
2363,0
2364,2
2365,2
2366,0
2367,0
2368,0
2369,0
2370,0
2371,2
2372,1
2373,2
2374,0
2375,0
2376,2
2377,0
2378,0
2379,0
2380,0
2381,0
2382,2
2383,2
2384,2
2385,2
2386,1
2387,2
2388,2
2389,2
2390,0
2391,0
2392,0
2393,2
2394,2
2395,0
2396,2
2397,2
2398,0
2399,0
2400,0
2401,0
2402,0
2403,0
2404,0
2405,0
2406,1
2407,2
2408,2
2409,0
2410,0
2411,0
2412,0
2413,0
2414,2
2415,0
2416,0
2417,0
2418,1
2419,0
2420,2
2421,2
2422,0
2423,0
2424,2
2425,0
2426,0
2427,0
2428,0
2429,0
2430,0
2431,2
2432,2
2433,2
2434,2
2435,0
2436,0
2437,0
2438,0
2439,0
2440,0
2441,0
2442,2
2443,0
2444,0
2445,2
2446,2
2447,0
2448,2
2449,0
2450,2
2451,0
2452,0
2453,1
2454,0
2455,1
2456,2
2457,2
2458,0
2459,0
2460,0
2461,2
2462,0
2463,2
2464,0
2465,2
2466,0
2467,0
2468,2
2469,2
2470,2
2471,0
2472,2
2473,0
2474,2
2475,0
2476,2
2477,2
2478,0
2479,0
2480,2
2481,0
2482,0
2483,0
2484,0
2485,2
2486,0
2487,0
2488,0
2489,0
2490,0
2491,0
2492,0
2493,0
2494,2
2495,0
2496,2
2497,2
2498,0
2499,0
2500,2
2501,0
2502,0
2503,0
2504,2
2505,0
2506,0
2507,0
2508,0
2509,0
2510,2
2511,0
2512,0
2513,0
2514,2
2515,2
2516,0
2517,0
2518,0
2519,1
2520,0
2521,0
2522,2
2523,1
2524,2
2525,0
2526,2
2527,0
2528,0
2529,2
2530,2
2531,0
2532,0
2533,2
2534,0
2535,2
2536,2
2537,1
2538,0
2539,0
2540,0
2541,2
2542,2
2543,0
2544,0
2545,2
2546,0
2547,0
2548,2
2549,0
2550,0
2551,0
2552,0
2553,2
2554,0
2555,0
2556,0
2557,0
2558,0
2559,0
2560,2
2561,2
2562,0
2563,0
2564,0
2565,0
2566,0
2567,0
2568,0
2569,0
2570,0
2571,0
2572,2
2573,0
2574,0
2575,0
2576,2
2577,0
2578,2
2579,2
2580,2
2581,0
2582,2
2583,0
2584,2
2585,0
2586,2
2587,0
2588,0
2589,2
2590,0
2591,0
2592,0
2593,2
2594,0
2595,0
2596,0
2597,0
2598,0
2599,0
2600,0
2601,0
2602,2
2603,2
2604,0
2605,2
2606,0
2607,0
2608,2
2609,0
2610,0
2611,2
2612,2
2613,2
2614,0
2615,2
2616,2
2617,1
2618,0
2619,2
2620,0
2621,2
2622,2
2623,0
2624,0
2625,0
2626,2
2627,2
2628,0
2629,2
2630,0
2631,2
2632,0
2633,0
2634,2
2635,0
2636,0
2637,2
2638,0
2639,0
2640,0
2641,0
2642,2
2643,0
2644,2
2645,0
2646,0
2647,0
2648,0
2649,2
2650,0
2651,2
2652,0
2653,1
2654,0
2655,0
2656,0
2657,0
2658,2
2659,1
2660,2
2661,0
2662,2
2663,0
2664,0
2665,0
2666,0
2667,2
2668,0
2669,2
2670,0
2671,0
2672,0
2673,0
2674,0
2675,0
2676,0
2677,2
2678,1
2679,2
2680,2
2681,0
2682,2
2683,0
2684,0
2685,2
2686,2
2687,2
2688,2
2689,0
2690,2
2691,0
2692,2
2693,0
2694,2
2695,0
2696,0
2697,0
2698,0
2699,0
2700,0
2701,2
2702,2
2703,0
2704,0
2705,2
2706,0
2707,2
2708,0
2709,0
2710,2
2711,0
2712,2
2713,0
2714,2
2715,0
2716,0
2717,2
2718,0
2719,2
2720,0
2721,0
2722,0
2723,0
2724,1
2725,0
2726,2
2727,2
2728,0
2729,2
2730,0
2731,2
2732,2
2733,2
2734,0
2735,2
2736,2
2737,0
2738,0
2739,0
2740,2
2741,0
2742,2
2743,2
2744,0
2745,2
2746,2
2747,1
2748,0
2749,0
2750,0
2751,0
2752,0
2753,0
2754,0
2755,0
2756,2
2757,0
2758,0
2759,2
2760,0
2761,2
2762,0
2763,0
2764,0
2765,2
2766,0
2767,1
2768,0
2769,0
2770,0
2771,2
2772,1
2773,0
2774,2
2775,0
2776,2
2777,2
2778,0
2779,0
2780,2
2781,0
2782,0
2783,2
2784,2
2785,2
2786,0
2787,0
2788,0
2789,0
2790,0
2791,0
2792,2
2793,0
2794,0
2795,0
2796,0
2797,0
2798,0
2799,0
2800,2
2801,0
2802,2
2803,2
2804,0
2805,0
2806,0
2807,2
2808,0
2809,0
2810,2
2811,0
2812,2
2813,0
2814,0
2815,2
2816,2
2817,0
2818,0
2819,0
2820,1
2821,0
2822,2
2823,2
2824,0
2825,0
2826,0
2827,2
2828,2
2829,0
2830,2
2831,0
2832,2
2833,2
2834,0
2835,2
2836,2
2837,0
2838,0
2839,0
2840,2
2841,1
2842,0
2843,2
2844,0
2845,0
2846,2
2847,0
2848,2
2849,0
2850,2
2851,0
2852,1
2853,0
2854,2
2855,0
2856,0
2857,0
2858,2
2859,0
2860,0
2861,2
2862,0
2863,0
2864,2
2865,2
2866,2
2867,0
2868,0
2869,0
2870,0
2871,2
2872,0
2873,2
2874,0
2875,0
2876,0
2877,0
2878,0
2879,0
2880,0
2881,1
2882,0
2883,2
2884,2
2885,0
2886,2
2887,0
2888,0
2889,0
2890,2
2891,2
2892,2
2893,0
2894,2
2895,0
2896,0
2897,0
2898,0
2899,0
2900,0
2901,0
2902,0
2903,2
2904,0
2905,0
2906,2
2907,0
2908,0
2909,0
2910,2
2911,2
2912,0
2913,2
2914,2
2915,0
2916,0
2917,1
2918,0
2919,2
2920,0
2921,0
2922,2
2923,0
2924,0
2925,0
2926,0
2927,0
2928,2
2929,0
2930,2
2931,0
2932,2
2933,0
2934,0
2935,2
2936,2
2937,0
2938,1
2939,2
2940,0
2941,1
2942,0
2943,2
2944,2
2945,2
2946,0
2947,2
2948,0
2949,2
2950,2
2951,2
2952,0
2953,0
2954,0
2955,2
2956,0
2957,0
2958,2
2959,0
2960,2
2961,0
2962,0
2963,0
2964,0
2965,0
2966,0
2967,2
2968,0
2969,0
2970,0
2971,0
2972,2
2973,2
2974,0
2975,2
2976,0
2977,2
2978,2
2979,2
2980,0
2981,2
2982,0
2983,0
2984,0
2985,2
2986,2
2987,2
2988,2
2989,2
2990,2
2991,0
2992,2
2993,0
2994,0
2995,0
2996,0
2997,2
2998,0
2999,0
3000,0
3001,2
3002,2
3003,0
3004,0
3005,0
3006,0
3007,2
3008,2
3009,0
3010,0
3011,2
3012,0
3013,2
3014,0
3015,0
3016,2
3017,0
3018,0
3019,0
3020,0
3021,2
3022,0
3023,2
3024,0
3025,0
3026,2
3027,0
3028,0
3029,2
3030,0
3031,0
3032,0
3033,0
3034,2
3035,2
3036,0
3037,0
3038,0
3039,0
3040,0
3041,0
3042,0
3043,0
3044,2
3045,0
3046,2
3047,0
3048,0
3049,2
3050,0
3051,0
3052,0
3053,2
3054,0
3055,0
3056,0
3057,0
3058,2
3059,2
3060,2
3061,2
3062,2
3063,0
3064,2
3065,0
3066,0
3067,0
3068,1
3069,2
3070,2
3071,0
3072,0
3073,0
3074,0
3075,0
3076,1
3077,0
3078,0
3079,2
3080,0
3081,0
3082,0
3083,0
3084,2
3085,0
3086,2
3087,2
3088,2
3089,0
3090,0
3091,0
3092,0
3093,0
3094,0
3095,2
3096,2
3097,2
3098,2
3099,2
3100,0
3101,0
3102,2
3103,0
3104,2
3105,0
3106,2
3107,0
3108,2
3109,0
3110,2
3111,2
3112,2
3113,2
3114,0
3115,0
3116,0
3117,0
3118,0
3119,0
3120,0
3121,2
3122,2
3123,0
3124,2
3125,2
3126,1
3127,2
3128,2
3129,0
3130,0
3131,2
3132,0
3133,0
3134,0
3135,2
3136,0
3137,0
3138,0
3139,1
3140,2
3141,0
3142,0
3143,2
3144,0
3145,0
3146,2
3147,0
3148,0
3149,0
3150,2
3151,0
3152,2
3153,0
3154,0
3155,0
3156,0
3157,0
3158,2
3159,2
3160,2
3161,0
3162,0
3163,0
3164,2
3165,2
3166,1
3167,2
3168,2
3169,2
3170,0
3171,0
3172,0
3173,2
3174,0
3175,0
3176,0
3177,0
3178,2
3179,0
3180,2
3181,0
3182,2
3183,2
3184,2
3185,0
3186,0
3187,0
3188,0
3189,2
3190,0
3191,0
3192,2
3193,1
3194,2
3195,2
3196,1
3197,0
3198,0
3199,0
3200,0
3201,0
3202,2
3203,2
3204,2
3205,2
3206,2
3207,2
3208,0
3209,2
3210,0
3211,2
3212,2
3213,2
3214,2
3215,2
3216,0
3217,0
3218,0
3219,0
3220,0
3221,0
3222,2
3223,2
3224,0
3225,0
3226,2
3227,0
3228,0
3229,0
3230,2
3231,0
3232,0
3233,0
3234,0
3235,0
3236,0
3237,0
3238,1
3239,1
3240,0
3241,1
3242,0
3243,0
3244,0
3245,0
3246,2
3247,2
3248,0
3249,0
3250,2
3251,2
3252,0
3253,0
3254,0
3255,2
3256,2
3257,2
3258,2
3259,0
3260,0
3261,0
3262,2
3263,0
3264,0
3265,0
3266,2
3267,2
3268,2
3269,0
3270,0
3271,0
3272,0
3273,2
3274,0
3275,0
3276,0
3277,0
3278,2
3279,0
3280,0
3281,2
3282,2
3283,0
3284,2
3285,2
3286,0
3287,2
3288,0
3289,0
3290,2
3291,2
3292,0
3293,2
3294,2
3295,2
3296,0
3297,0
3298,0
3299,0
3300,0
3301,0
3302,0
3303,2
3304,2
3305,2
3306,2
3307,2
3308,0
3309,0
3310,2
3311,0
3312,2
3313,2
3314,0
3315,0
3316,2
3317,2
3318,0
3319,0
3320,0
3321,0
3322,0
3323,2
3324,0
3325,0
3326,1
3327,2
3328,2
3329,0
3330,2
3331,0
3332,0
3333,0
3334,0
3335,2
3336,0
3337,1
3338,2
3339,2
3340,2
3341,0
3342,2
3343,0
3344,2
3345,2
3346,0
3347,2
3348,0
3349,0
3350,0
3351,0
3352,2
3353,0
3354,0
3355,2
3356,0
3357,0
3358,0
3359,0
3360,0
3361,0
3362,0
3363,0
3364,0
3365,0
3366,0
3367,0
3368,0
3369,2
3370,0
3371,2
3372,2
3373,0
3374,0
3375,0
3376,0
3377,0
3378,2
3379,0
3380,2
3381,2
3382,0
3383,2
3384,1
3385,0
3386,2
3387,2
3388,0
3389,0
3390,2
3391,0
3392,0
3393,0
3394,0
3395,0
3396,2
3397,2
3398,0
3399,2
3400,0
3401,0
3402,0
3403,0
3404,2
3405,2
3406,2
3407,2
3408,0
3409,0
3410,0
3411,0
3412,0
3413,2
3414,0
3415,0
3416,0
3417,2
3418,0
3419,0
3420,0
3421,0
3422,0
3423,2
3424,2
3425,0
3426,0
3427,2
3428,0
3429,2
3430,2
3431,0
3432,2
3433,0
3434,2
3435,2
3436,2
3437,0
3438,2
3439,0
3440,0
3441,0
3442,0
3443,0
3444,2
3445,2
3446,2
3447,0
3448,2
3449,0
3450,0
3451,2
3452,0
3453,2
3454,2
3455,2
3456,0
3457,2
3458,2
3459,0
3460,0
3461,2
3462,0
3463,0
3464,0
3465,0
3466,0
3467,2
3468,2
3469,0
3470,0
3471,2
3472,0
3473,2
3474,2
3475,0
3476,0
3477,0
3478,1
3479,0
3480,0
3481,0
3482,2
3483,2
3484,0
3485,0
3486,2
3487,0
3488,0
3489,0
3490,0
3491,0
3492,0
3493,0
3494,2
3495,0
3496,0
3497,0
3498,2
3499,0
3500,0
3501,0
3502,0
3503,0
3504,0
3505,0
3506,0
3507,2
3508,0
3509,0
3510,2
3511,0
3512,0
3513,0
3514,0
3515,0
3516,2
3517,0
3518,2
3519,0
3520,2
3521,0
3522,2
3523,0
3524,2
3525,2
3526,2
3527,0
3528,0
3529,0
3530,2
3531,0
3532,2
3533,0
3534,0
3535,0
3536,2
3537,0
3538,0
3539,0
3540,0
3541,0
3542,0
3543,1
3544,2
3545,2
3546,2
3547,0
3548,2
3549,0
3550,2
3551,2
3552,0
3553,0
3554,0
3555,0
3556,0
3557,2
3558,1
3559,1
3560,2
3561,2
3562,0
3563,0
3564,0
3565,0
3566,2
3567,0
3568,0
3569,0
3570,2
3571,0
3572,0
3573,2
3574,2
3575,0
3576,0
3577,0
3578,0
3579,0
3580,2
3581,2
3582,0
3583,0
3584,0
3585,2
3586,0
3587,1
3588,2
3589,0
3590,2
3591,1
3592,0
3593,2
3594,0
3595,0
3596,1
3597,2
3598,0
3599,0
3600,0
3601,2
3602,0
3603,2
3604,0
3605,0
3606,0
3607,2
3608,0
3609,2
3610,0
3611,2
3612,0
3613,2
3614,0
3615,2
3616,0
3617,2
3618,0
3619,2
3620,0
3621,0
3622,0
3623,0
3624,0
3625,0
3626,2
3627,0
3628,2
3629,2
3630,1
3631,0
3632,0
3633,2
3634,0
3635,2
3636,0
3637,1
3638,0
3639,0
3640,0
3641,0
3642,0
3643,2
3644,0
3645,1
3646,0
3647,2
3648,0
3649,0
3650,0
3651,2
3652,0
3653,0
3654,0
3655,2
3656,2
3657,0
3658,0
3659,2
3660,2
3661,0
3662,2
3663,0
3664,2
3665,0
3666,2
3667,2
3668,2
3669,2
3670,0
3671,2
3672,0
3673,2
3674,2
3675,0
3676,0
3677,0
3678,2
3679,0
3680,0
3681,2
3682,0
3683,0
3684,0
3685,0
3686,2
3687,0
3688,0
3689,0
3690,0
3691,1
3692,2
3693,2
3694,2
3695,0
3696,0
3697,1
3698,0
3699,2
3700,0
3701,2
3702,0
3703,0
3704,2
3705,0
3706,0
3707,0
3708,0
3709,0
3710,2
3711,0
3712,2
3713,2
3714,0
3715,2
3716,2
3717,2
3718,0
3719,0
3720,1
3721,0
3722,0
3723,1
3724,2
3725,0
3726,0
3727,0
3728,0
3729,0
3730,0
3731,2
3732,0
3733,0
3734,2
3735,0
3736,0
3737,0
3738,0
3739,2
3740,1
3741,0
3742,1
3743,2
3744,2
3745,2
3746,0
3747,0
3748,0
3749,0
3750,2
3751,0
3752,2
3753,0
3754,0
3755,0
3756,0
3757,0
3758,0
3759,2
3760,0
3761,0
3762,2
3763,2
3764,0
3765,2
3766,2
3767,0
3768,0
3769,0
3770,0
3771,0
3772,0
3773,0
3774,2
3775,0
3776,0
3777,0
3778,2
3779,0
3780,2
3781,2
3782,2
3783,0
3784,0
3785,0
3786,2
3787,2
3788,2
3789,0
3790,0
3791,2
3792,2
3793,2
3794,0
3795,0
3796,0
3797,2
3798,2
3799,0
3800,0
3801,2
3802,0
3803,0
3804,0
3805,0
3806,0
3807,0
3808,0
3809,2
3810,0
3811,0
3812,1
3813,0
3814,2
3815,0
3816,0
3817,2
3818,2
3819,2
3820,0
3821,0
3822,0
3823,1
3824,0
3825,0
3826,0
3827,1
3828,1
3829,0
3830,0
3831,2
3832,2
3833,0
3834,2
3835,0
3836,2
3837,0
3838,0
3839,2
3840,2
3841,0
3842,0
3843,0
3844,0
3845,0
3846,2
3847,2
3848,0
3849,0
3850,0
3851,0
3852,0
3853,0
3854,2
3855,0
3856,0
3857,0
3858,0
3859,0
3860,0
3861,2
3862,2
3863,0
3864,2
3865,2
3866,2
3867,0
3868,1
3869,0
3870,2
3871,0
3872,1
3873,0
3874,0
3875,0
3876,2
3877,0
3878,2
3879,2
3880,0
3881,0
3882,2
3883,0
3884,2
3885,0
3886,0
3887,0
3888,0
3889,0
3890,2
3891,0
3892,0
3893,0
3894,2
3895,0
3896,2
3897,2
3898,0
3899,0
3900,1
3901,0
3902,0
3903,2
3904,2
3905,0
3906,0
3907,2
3908,0
3909,0
3910,0
3911,2
3912,1
3913,0
3914,2
3915,0
3916,1
3917,2
3918,0
3919,0
3920,0
3921,0
3922,2
3923,0
3924,0
3925,0
3926,0
3927,0
3928,2
3929,0
3930,0
3931,0
3932,0
3933,0
3934,2
3935,0
3936,0
3937,0
3938,0
3939,0
3940,2
3941,0
3942,0
3943,2
3944,0
3945,2
3946,0
3947,2
3948,0
3949,2
3950,1
3951,2
3952,0
3953,2
3954,0
3955,2
3956,0
3957,0
3958,0
3959,0
3960,2
3961,0
3962,0
3963,0
3964,2
3965,0
3966,2
3967,0
3968,0
3969,0
3970,0
3971,0
3972,2
3973,0
3974,2
3975,2
3976,2
3977,2
3978,0
3979,1
3980,0
3981,2
3982,0
3983,0
3984,2
3985,0
3986,1
3987,0
3988,0
3989,0
3990,0
3991,2
3992,0
3993,0
3994,0
3995,0
3996,0
3997,0
3998,0
3999,0
4000,0
4001,0
4002,1
4003,0
4004,0
4005,0
4006,0
4007,2
4008,0
4009,0
4010,2
4011,2
4012,1
4013,2
4014,1
4015,0
4016,0
4017,0
4018,0
4019,0
4020,0
4021,0
4022,1
4023,0
4024,0
4025,2
4026,0
4027,0
4028,0
4029,0
4030,0
4031,2
4032,2
4033,0
4034,0
4035,0
4036,1
4037,2
4038,0
4039,2
4040,2
4041,0
4042,0
4043,0
4044,0
4045,0
4046,2
4047,0
4048,2
4049,0
4050,2
4051,0
4052,0
4053,0
4054,1
4055,0
4056,0
4057,0
4058,2
4059,2
4060,2
4061,2
4062,0
4063,2
4064,2
4065,0
4066,0
4067,0
4068,0
4069,2
4070,0
4071,1
4072,0
4073,0
4074,2
4075,2
4076,0
4077,2
4078,0
4079,0
4080,0
4081,2
4082,0
4083,2
4084,0
4085,2
4086,2
4087,0
4088,0
4089,0
4090,2
4091,0
4092,0
4093,0
4094,0
4095,0
4096,0
4097,0
4098,2
4099,0
4100,2
4101,0
4102,0
4103,2
4104,0
4105,0
4106,0
4107,0
4108,0
4109,2
4110,0
4111,2
4112,0
4113,0
4114,0
4115,0
4116,0
4117,0
4118,2
4119,0
4120,0
4121,2
4122,0
4123,0
4124,0
4125,0
4126,0
4127,2
4128,1
4129,0
4130,0
4131,2
4132,0
4133,2
4134,0
4135,0
4136,1
4137,0
4138,0
4139,0
4140,2
4141,2
4142,0
4143,2
4144,0
4145,1
4146,1
4147,0
4148,0
4149,2
4150,2
4151,2
4152,0
4153,0
4154,0
4155,0
4156,0
4157,0
4158,1
4159,0
4160,0
4161,0
4162,2
4163,2
4164,0
4165,2
4166,2
4167,0
4168,0
4169,2
4170,0
4171,0
4172,0
4173,0
4174,0
4175,2
4176,2
4177,0
4178,0
4179,0
4180,2
4181,0
4182,0
4183,0
4184,1
4185,0
4186,0
4187,2
4188,0
4189,0
4190,2
4191,2
4192,0
4193,0
4194,0
4195,0
4196,0
4197,1
4198,2
4199,0
4200,0
4201,2
4202,0
4203,2
4204,0
4205,2
4206,2
4207,0
4208,0
4209,2
4210,0
4211,2
4212,0
4213,2
4214,0
4215,0
4216,0
4217,0
4218,2
4219,0
4220,0
4221,2
4222,0
4223,0
4224,0
4225,2
4226,0
4227,2
4228,0
4229,2
4230,0
4231,0
4232,0
4233,2
4234,2
4235,0
4236,0
4237,1
4238,0
4239,0
4240,0
4241,2
4242,2
4243,0
4244,0
4245,0
4246,1
4247,2
4248,0
4249,0
4250,0
4251,0
4252,2
4253,0
4254,0
4255,2
4256,0
4257,0
4258,2
4259,2
4260,0
4261,2
4262,0
4263,0
4264,0
4265,0
4266,1
4267,2
4268,2
4269,2
4270,0
4271,0
4272,0
4273,0
4274,1
4275,0
4276,2
4277,0
4278,0
4279,2
4280,0
4281,2
4282,2
4283,2
4284,0
4285,2
4286,0
4287,0
4288,2
4289,2
4290,1
4291,1
4292,2
4293,0
4294,1
4295,0
4296,0
4297,0
4298,0
4299,0
4300,2
4301,1
4302,0
4303,0
4304,2
4305,0
4306,0
4307,1
4308,0
4309,0
4310,2
4311,2
4312,2
4313,0
4314,2
4315,0
4316,2
4317,0
4318,0
4319,0
4320,2
4321,2
4322,2
4323,1
4324,0
4325,2
4326,2
4327,0
4328,0
4329,2
4330,0
4331,0
4332,0
4333,2
4334,0
4335,0
4336,2
4337,2
4338,2
4339,0
4340,2
4341,2
4342,0
4343,0
4344,2
4345,2
4346,0
4347,2
4348,0
4349,0
4350,0
4351,0
4352,0
4353,0
4354,2
4355,0
4356,0
4357,0
4358,0
4359,2
4360,0
4361,0
4362,2
4363,0
4364,0
4365,0
4366,0
4367,2
4368,0
4369,0
4370,2
4371,2
4372,0
4373,0
4374,0
4375,0
4376,0
4377,0
4378,0
4379,0
4380,0
4381,0
4382,0
4383,2
4384,2
4385,0
4386,0
4387,0
4388,0
4389,0
4390,2
4391,0
4392,2
4393,2
4394,2
4395,0
4396,0
4397,0
4398,2
4399,0
4400,2
4401,0
4402,2
4403,1
4404,2
4405,0
4406,0
4407,2
4408,0
4409,2
4410,2
4411,2
4412,0
4413,2
4414,2
4415,0
4416,2
4417,0
4418,0
4419,0
4420,2
4421,2
4422,0
4423,2
4424,0
4425,1
4426,0
4427,2
4428,0
4429,0
4430,2
4431,0
4432,0
4433,0
4434,2
4435,2
4436,0
4437,2
4438,0
4439,0
4440,2
4441,0
4442,0
4443,0
4444,0
4445,0
4446,0
4447,2
4448,0
4449,0
4450,0
4451,2
4452,2
4453,0
4454,2
4455,0
4456,0
4457,0
4458,0
4459,1
4460,0
4461,0
4462,0
4463,2
4464,2
4465,0
4466,0
4467,0
4468,0
4469,0
4470,2
4471,0
4472,2
4473,0
4474,0
4475,0
4476,0
4477,0
4478,0
4479,2
4480,0
4481,0
4482,1
4483,1
4484,0
4485,0
4486,0
4487,0
4488,2
4489,2
4490,1
4491,0
4492,1
4493,2
4494,0
4495,0
4496,0
4497,0
4498,0
4499,0
4500,2
4501,0
4502,2
4503,2
4504,0
4505,2
4506,2
4507,0
4508,0
4509,2
4510,2
4511,0
4512,2
4513,2
4514,0
4515,2
4516,2
4517,2
4518,1
4519,0
4520,0
4521,0
4522,0
4523,2
4524,0
4525,2
4526,2
4527,2
4528,0
4529,0
4530,0
4531,0
4532,2
4533,0
4534,0
4535,0
4536,0
4537,1
4538,0
4539,2
4540,0
4541,0
4542,0
4543,0
4544,0
4545,2
4546,2
4547,0
4548,2
4549,0
4550,0
4551,0
4552,0
4553,0
4554,0
4555,2
4556,0
4557,0
4558,0
4559,0
4560,2
4561,2
4562,0
4563,0
4564,0
4565,0
4566,0
4567,0
4568,0
4569,0
4570,0
4571,2
4572,0
4573,0
4574,0
4575,2
4576,0
4577,0
4578,2
4579,0
4580,0
4581,0
4582,0
4583,0
4584,0
4585,0
4586,1
4587,2
4588,0
4589,0
4590,0
4591,2
4592,0
4593,0
4594,0
4595,2
4596,0
4597,0
4598,0
4599,2
4600,0
4601,2
4602,0
4603,2
4604,2
4605,2
4606,2
4607,0
4608,0
4609,0
4610,1
4611,2
4612,2
4613,0
4614,0
4615,0
4616,2
4617,0
4618,0
4619,0
4620,0
4621,2
4622,0
4623,0
4624,0
4625,0
4626,0
4627,0
4628,0
4629,2
4630,0
4631,0
4632,2
4633,0
4634,0
4635,2
4636,0
4637,2
4638,0
4639,0
4640,0
4641,0
4642,2
4643,2
4644,0
4645,2
4646,0
4647,0
4648,0
4649,0
4650,2
4651,2
4652,0
4653,0
4654,2
4655,2
4656,2
4657,0
4658,2
4659,2
4660,2
4661,2
4662,2
4663,2
4664,2
4665,2
4666,2
4667,0
4668,0
4669,2
4670,0
4671,0
4672,0
4673,2
4674,0
4675,2
4676,0
4677,0
4678,0
4679,0
4680,0
4681,0
4682,2
4683,0
4684,0
4685,2
4686,2
4687,0
4688,0
4689,0
4690,0
4691,0
4692,0
4693,0
4694,1
4695,0
4696,0
4697,0
4698,0
4699,2
4700,2
4701,2
4702,0
4703,1
4704,0
4705,0
4706,2
4707,0
4708,2
4709,0
4710,2
4711,0
4712,2
4713,2
4714,0
4715,0
4716,1
4717,0
4718,2
4719,2
4720,0
4721,0
4722,0
4723,0
4724,1
4725,2
4726,0
4727,0
4728,2
4729,0
4730,0
4731,2
4732,2
4733,2
4734,0
4735,0
4736,0
4737,0
4738,0
4739,0
4740,0
4741,0
4742,2
4743,0
4744,0
4745,0
4746,0
4747,2
4748,0
4749,2
4750,0
4751,0
4752,0
4753,2
4754,2
4755,0
4756,0
4757,0
4758,0
4759,0
4760,2
4761,2
4762,0
4763,2
4764,2
4765,0
4766,2
4767,0
4768,2
4769,0
4770,0
4771,2
4772,0
4773,0
4774,0
4775,0
4776,0
4777,0
4778,0
4779,2
4780,2
4781,2
4782,0
4783,2
4784,1
4785,0
4786,0
4787,2
4788,2
4789,2
4790,2
4791,0
4792,2
4793,2
4794,2
4795,2
4796,2
4797,2
4798,0
4799,0
4800,0
4801,0
4802,0
4803,0
4804,0
4805,0
4806,0
4807,0
4808,1
4809,2
4810,0
4811,2
4812,2
4813,0
4814,0
4815,2
4816,2
4817,0
4818,2
4819,2
4820,2
4821,0
4822,2
4823,0
4824,2
4825,0
4826,0
4827,2
4828,0
4829,0
4830,0
4831,0
4832,0
4833,2
4834,2
4835,2
4836,0
4837,0
4838,0
4839,0
4840,2
4841,0
4842,0
4843,0
4844,2
4845,2
4846,0
4847,2
4848,2
4849,2
4850,0
4851,2
4852,2
4853,0
4854,0
4855,1
4856,0
4857,0
4858,2
4859,2
4860,0
4861,0
4862,2
4863,0
4864,1
4865,2
4866,2
4867,0
4868,2
4869,2
4870,0
4871,0
4872,2
4873,2
4874,2
4875,2
4876,2
4877,0
4878,2
4879,0
4880,0
4881,2
4882,2
4883,2
4884,2
4885,1
4886,0
4887,0
4888,0
4889,2
4890,0
4891,0
4892,0
4893,2
4894,2
4895,0
4896,0
4897,0
4898,2
4899,0
4900,0
4901,0
4902,0
4903,0
4904,0
4905,0
4906,1
4907,2
4908,0
4909,0
4910,0
4911,0
4912,2
4913,0
4914,2
4915,0
4916,2
4917,0
4918,2
4919,2
4920,0
4921,0
4922,0
4923,2
4924,2
4925,0
4926,2
4927,0
4928,0
4929,2
4930,0
4931,0
4932,0
4933,2
4934,0
4935,0
4936,2
4937,1
4938,2
4939,0
4940,0
4941,0
4942,0
4943,0
4944,0
4945,0
4946,0
4947,0
4948,0
4949,2
4950,0
4951,1
4952,0
4953,2
4954,0
4955,2
4956,2
4957,2
4958,0
4959,2
4960,2
4961,0
4962,2
4963,2
4964,0
4965,0
4966,0
4967,2
4968,0
4969,0
4970,2
4971,0
4972,0
4973,2
4974,0
4975,0
4976,1
4977,2
4978,2
4979,0
4980,2
4981,0
4982,2
4983,2
4984,0
4985,0
4986,0
4987,0
4988,0
4989,0
4990,2
4991,0
4992,1
4993,2
4994,2
4995,0
4996,0
4997,2
4998,0
4999,0
5000,0
5001,2
5002,0
5003,0
5004,0
5005,0
5006,2
5007,0
5008,2
5009,2
5010,2
5011,2
5012,0
5013,0
5014,0
5015,2
5016,2
5017,1
5018,0
5019,0
5020,0
5021,0
5022,2
5023,2
5024,0
5025,0
5026,0
5027,0
5028,0
5029,2
5030,0
5031,0
5032,0
5033,0
5034,0
5035,2
5036,2
5037,0
5038,2
5039,2
5040,2
5041,0
5042,0
5043,0
5044,0
5045,0
5046,2
5047,2
5048,2
5049,2
5050,0
5051,0
5052,2
5053,0
5054,2
5055,0
5056,0
5057,0
5058,0
5059,2
5060,0
5061,0
5062,2
5063,0
5064,0
5065,0
5066,0
5067,2
5068,2
5069,2
5070,0
5071,0
5072,2
5073,2
5074,2
5075,0
5076,2
5077,0
5078,0
5079,2
5080,0
5081,1
5082,2
5083,2
5084,0
5085,2
5086,2
5087,0
5088,0
5089,0
5090,0
5091,0
5092,0
5093,2
5094,0
5095,2
5096,2
5097,0
5098,0
5099,0
5100,0
5101,0
5102,0
5103,2
5104,2
5105,0
5106,2
5107,2
5108,2
5109,2
5110,1
5111,0
5112,0
5113,2
5114,2
5115,0
5116,0
5117,2
5118,0
5119,0
5120,2
5121,0
5122,2
5123,0
5124,0
5125,2
5126,0
5127,2
5128,0
5129,0
5130,0
5131,2
5132,0
5133,0
5134,0
5135,1
5136,0
5137,0
5138,0
5139,0
5140,0
5141,0
5142,0
5143,2
5144,0
5145,0
5146,0
5147,2
5148,0
5149,0
5150,0
5151,0
5152,0
5153,0
5154,0
5155,0
5156,2
5157,2
5158,0
5159,2
5160,0
5161,0
5162,0
5163,2
5164,2
5165,2
5166,0
5167,0
5168,2
5169,2
5170,0
5171,2
5172,2
5173,2
5174,0
5175,0
5176,0
5177,0
5178,2
5179,0
5180,0
5181,0
5182,0
5183,0
5184,2
5185,0
5186,0
5187,0
5188,2
5189,2
5190,1
5191,2
5192,0
5193,0
5194,0
5195,2
5196,2
5197,0
5198,2
5199,0
5200,0
5201,0
5202,0
5203,2
5204,2
5205,0
5206,0
5207,2
5208,0
5209,2
5210,2
5211,2
5212,0
5213,0
5214,0
5215,1
5216,2
5217,0
5218,0
5219,2
5220,0
5221,0
5222,0
5223,0
5224,0
5225,2
5226,2
5227,2
5228,0
5229,2
5230,0
5231,0
5232,0
5233,0
5234,1
5235,0
5236,0
5237,0
5238,2
5239,0
5240,0
5241,0
5242,0
5243,0
5244,2
5245,2
5246,0
5247,2
5248,0
5249,0
5250,0
5251,0
5252,0
5253,0
5254,0
5255,0
5256,2
5257,2
5258,0
5259,2
5260,0
5261,2
5262,0
5263,0
5264,2
5265,0
5266,0
5267,0
5268,0
5269,0
5270,0
5271,0
5272,2
5273,0
5274,0
5275,0
5276,0
5277,0
5278,0
5279,0
5280,0
5281,2
5282,0
5283,2
5284,0
5285,2
5286,0
5287,0
5288,1
5289,0
5290,2
5291,0
5292,0
5293,0
5294,2
5295,0
5296,0
5297,2
5298,2
5299,0
5300,0
5301,1
5302,0
5303,0
5304,2
5305,0
5306,0
5307,0
5308,2
5309,0
5310,2
5311,1
5312,2
5313,2
5314,2
5315,2
5316,0
5317,0
5318,0
5319,0
5320,0
5321,0
5322,0
5323,0
5324,2
5325,0
5326,0
5327,2
5328,0
5329,2
5330,0
5331,0
5332,2
5333,0
5334,0
5335,2
5336,1
5337,2
5338,0
5339,2
5340,2
5341,0
5342,0
5343,0
5344,0
5345,2
5346,0
5347,0
5348,0
5349,0
5350,0
5351,2
5352,2
5353,0
5354,0
5355,2
5356,0
5357,2
5358,2
5359,0
5360,0
5361,0
5362,2
5363,0
5364,2
5365,2
5366,0
5367,2
5368,0
5369,2
5370,0
5371,0
5372,0
5373,0
5374,0
5375,0
5376,0
5377,0
5378,0
5379,0
5380,2
5381,0
5382,0
5383,0
5384,2
5385,0
5386,0
5387,0
5388,2
5389,0
5390,0
5391,2
5392,2
5393,0
5394,2
5395,1
5396,0
5397,2
5398,0
5399,0
5400,0
5401,0
5402,2
5403,2
5404,0
5405,2
5406,0
5407,0
5408,2
5409,1
5410,0
5411,1
5412,0
5413,2
5414,0
5415,0
5416,0
5417,0
5418,2
5419,2
5420,0
5421,0
5422,0
5423,0
5424,2
5425,2
5426,0
5427,2
5428,2
5429,0
5430,2
5431,0
5432,0
5433,2
5434,0
5435,0
5436,0
5437,0
5438,1
5439,2
5440,0
5441,0
5442,0
5443,1
5444,0
5445,0
5446,0
5447,0
5448,2
5449,0
5450,0
5451,0
5452,2
5453,2
5454,2
5455,0
5456,0
5457,0
5458,0
5459,2
5460,0
5461,0
5462,0
5463,0
5464,2
5465,0
5466,0
5467,2
5468,1
5469,0
5470,0
5471,2
5472,1
5473,0
5474,0
5475,2
5476,0
5477,0
5478,0
5479,0
5480,2
5481,2
5482,2
5483,2
5484,0
5485,0
5486,0
5487,0
5488,0
5489,0
5490,2
5491,2
5492,0
5493,0
5494,0
5495,0
5496,0
5497,0
5498,2
5499,2
5500,0
5501,2
5502,0
5503,0
5504,2
5505,0
5506,0
5507,2
5508,0
5509,0
5510,2
5511,0
5512,0
5513,0
5514,0
5515,0
5516,0
5517,0
5518,0
5519,0
5520,2
5521,2
5522,0
5523,0
5524,2
5525,2
5526,0
5527,2
5528,0
5529,2
5530,2
5531,2
5532,0
5533,2
5534,2
5535,0
5536,0
5537,0
5538,0
5539,1
5540,0
5541,0
5542,0
5543,0
5544,2
5545,0
5546,2
5547,0
5548,0
5549,2
5550,0
5551,0
5552,2
5553,2
5554,0
5555,2
5556,2
5557,0
5558,2
5559,2
5560,0
5561,2
5562,2
5563,0
5564,2
5565,0
5566,2
5567,0
5568,2
5569,0
5570,0
5571,0
5572,0
5573,2
5574,0
5575,2
5576,2
5577,0
5578,0
5579,2
5580,0
5581,2
5582,2
5583,0
5584,2
5585,0
5586,2
5587,2
5588,2
5589,0
5590,0
5591,1
5592,2
5593,0
5594,0
5595,2
5596,0
5597,0
5598,0
5599,0
5600,0
5601,0
5602,2
5603,0
5604,0
5605,0
5606,0
5607,0
5608,0
5609,1
5610,2
5611,0
5612,1
5613,2
5614,2
5615,0
5616,0
5617,0
5618,0
5619,0
5620,1
5621,2
5622,0
5623,0
5624,0
5625,0
5626,2
5627,2
5628,0
5629,0
5630,0
5631,0
5632,2
5633,0
5634,0
5635,1
5636,2
5637,0
5638,0
5639,2
5640,2
5641,0
5642,0
5643,0
5644,2
5645,2
5646,0
5647,2
5648,0
5649,0
5650,0
5651,0
5652,0
5653,0
5654,2
5655,0
5656,0
5657,0
5658,0
5659,0
5660,2
5661,2
5662,0
5663,0
5664,2
5665,2
5666,0
5667,0
5668,0
5669,2
5670,2
5671,0
5672,0
5673,0
5674,0
5675,0
5676,0
5677,2
5678,2
5679,2
5680,2
5681,0
5682,2
5683,2
5684,0
5685,0
5686,0
5687,0
5688,0
5689,0
5690,2
5691,2
5692,0
5693,2
5694,2
5695,0
5696,2
5697,2
5698,0
5699,2
5700,0
5701,0
5702,2
5703,0
5704,0
5705,2
5706,2
5707,0
5708,2
5709,0
5710,0
5711,2
5712,2
5713,2
5714,2
5715,2
5716,0
5717,0
5718,0
5719,0
5720,2
5721,2
5722,0
5723,0
5724,2
5725,0
5726,0
5727,2
5728,2
5729,0
5730,1
5731,0
5732,0
5733,2
5734,0
5735,2
5736,0
5737,0
5738,2
5739,0
5740,0
5741,2
5742,0
5743,2
5744,1
5745,0
5746,0
5747,2
5748,2
5749,1
5750,0
5751,0
5752,2
5753,0
5754,0
5755,0
5756,0
5757,0
5758,0
5759,2
5760,2
5761,0
5762,0
5763,0
5764,0
5765,2
5766,2
5767,0
5768,0
5769,2
5770,2
5771,0
5772,0
5773,0
5774,2
5775,0
5776,2
5777,0
5778,1
5779,0
5780,2
5781,1
5782,1
5783,0
5784,2
5785,0
5786,2
5787,0
5788,2
5789,0
5790,0
5791,0
5792,0
5793,0
5794,2
5795,0
5796,0
5797,0
5798,0
5799,2
5800,0
5801,2
5802,0
5803,2
5804,0
5805,0
5806,0
5807,0
5808,1
5809,2
5810,1
5811,0
5812,0
5813,2
5814,0
5815,0
5816,2
5817,0
5818,2
5819,2
5820,0
5821,0
5822,0
5823,1
5824,2
5825,0
5826,2
5827,0
5828,0
5829,1
5830,2
5831,0
5832,0
5833,0
5834,0
5835,0
5836,0
5837,2
5838,0
5839,0
5840,0
5841,2
5842,0
5843,0
5844,0
5845,1
5846,0
5847,0
5848,0
5849,2
5850,0
5851,2
5852,0
5853,2
5854,0
5855,0
5856,2
5857,1
5858,2
5859,0
5860,0
5861,0
5862,0
5863,0
5864,0
5865,2
5866,2
5867,0
5868,2
5869,2
5870,0
5871,0
5872,2
5873,2
5874,0
5875,2
5876,0
5877,0
5878,2
5879,0
5880,0
5881,0
5882,2
5883,2
5884,0
5885,0
5886,2
5887,0
5888,0
5889,2
5890,1
5891,2
5892,0
5893,0
5894,0
5895,0
5896,0
5897,0
5898,0
5899,2
5900,0
5901,2
5902,0
5903,0
5904,0
5905,2
5906,0
5907,0
5908,0
5909,0
5910,2
5911,0
5912,0
5913,0
5914,2
5915,0
5916,0
5917,0
5918,2
5919,0
5920,2
5921,0
5922,2
5923,2
5924,2
5925,2
5926,2
5927,0
5928,0
5929,2
5930,0
5931,0
5932,2
5933,2
5934,2
5935,2
5936,2
5937,2
5938,0
5939,1
5940,0
5941,0
5942,0
5943,2
5944,2
5945,0
5946,0
5947,0
5948,2
5949,2
5950,2
5951,0
5952,0
5953,0
5954,0
5955,2
5956,0
5957,0
5958,2
5959,2
5960,0
5961,0
5962,0
5963,2
5964,2
5965,0
5966,2
5967,2
5968,2
5969,2
5970,0
5971,2
5972,0
5973,2
5974,0
5975,1
5976,2
5977,2
5978,0
5979,0
5980,0
5981,0
5982,2
5983,0
5984,1
5985,2
5986,0
5987,2
5988,0
5989,0
5990,0
5991,0
5992,0
5993,2
5994,0
5995,2
5996,0
5997,0
5998,0
5999,0
6000,0
6001,2
6002,2
6003,0
6004,0
6005,0
6006,0
6007,0
6008,0
6009,2
6010,0
6011,1
6012,0
6013,2
6014,2
6015,2
6016,0
6017,2
6018,0
6019,0
6020,0
6021,0
6022,2
6023,2
6024,0
6025,0
6026,2
6027,2
6028,0
6029,0
6030,2
6031,2
6032,2
6033,0
6034,0
6035,2
6036,0
6037,0
6038,2
6039,0
6040,0
6041,0
6042,0
6043,0
6044,0
6045,2
6046,2
6047,0
6048,0
6049,0
6050,0
6051,2
6052,0
6053,0
6054,0
6055,2
6056,0
6057,0
6058,0
6059,0
6060,0
6061,0
6062,2
6063,2
6064,0
6065,2
6066,2
6067,0
6068,0
6069,0
6070,0
6071,0
6072,0
6073,0
6074,2
6075,0
6076,0
6077,0
6078,0
6079,2
6080,1
6081,2
6082,2
6083,2
6084,0
6085,2
6086,0
6087,0
6088,0
6089,0
6090,0
6091,0
6092,0
6093,0
6094,0
6095,0
6096,0
6097,2
6098,0
6099,0
6100,2
6101,2
6102,2
6103,0
6104,2
6105,0
6106,0
6107,1
6108,0
6109,0
6110,0
6111,2
6112,0
6113,2
6114,0
6115,0
6116,0
6117,0
6118,2
6119,2
6120,0
6121,0
6122,0
6123,0
6124,0
6125,0
6126,0
6127,2
6128,0
6129,0
6130,0
6131,0
6132,0
6133,0
6134,2
6135,0
6136,0
6137,2
6138,0
6139,0
6140,0
6141,2
6142,0
6143,2
6144,1
6145,0
6146,0
6147,0
6148,0
6149,0
6150,2
6151,0
6152,0
6153,0
6154,2
6155,0
6156,1
6157,0
6158,0
6159,2
6160,0
6161,2
6162,2
6163,0
6164,1
6165,2
6166,0
6167,0
6168,0
6169,2
6170,0
6171,0
6172,0
6173,2
6174,0
6175,2
6176,0
6177,0
6178,0
6179,0
6180,0
6181,0
6182,0
6183,0
6184,1
6185,2
6186,2
6187,2
6188,2
6189,0
6190,0
6191,0
6192,0
6193,2
6194,0
6195,0
6196,0
6197,1
6198,0
6199,2
6200,0
6201,0
6202,0
6203,0
6204,0
6205,0
6206,0
6207,0
6208,0
6209,0
6210,0
6211,0
6212,2
6213,0
6214,0
6215,2
6216,0
6217,0
6218,0
6219,0
6220,0
6221,0
6222,0
6223,0
6224,0
6225,0
6226,2
6227,0
6228,0
6229,0
6230,0
6231,0
6232,0
6233,0
6234,0
6235,0
6236,2
6237,2
6238,2
6239,0
6240,0
6241,1
6242,2
6243,0
6244,0
6245,2
6246,0
6247,2
6248,2
6249,2
6250,0
6251,0
6252,1
6253,0
6254,2
6255,0
6256,0
6257,2
6258,0
6259,2
6260,2
6261,2
6262,0
6263,0
6264,0
6265,2
6266,0
6267,0
6268,2
6269,0
6270,2
6271,0
6272,0
6273,0
6274,0
6275,0
6276,0
6277,0
6278,0
6279,0
6280,0
6281,2
6282,0
6283,2
6284,0
6285,0
6286,2
6287,0
6288,0
6289,0
6290,2
6291,0
6292,2
6293,0
6294,0
6295,0
6296,0
6297,2
6298,0
6299,0
6300,0
6301,2
6302,0
6303,0
6304,1
6305,0
6306,0
6307,0
6308,0
6309,0
6310,2
6311,2
6312,0
6313,0
6314,0
6315,0
6316,0
6317,2
6318,0
6319,0
6320,0
6321,2
6322,0
6323,0
6324,0
6325,0
6326,1
6327,2
6328,2
6329,0
6330,2
6331,0
6332,0
6333,2
6334,2
6335,0
6336,0
6337,0
6338,2
6339,2
6340,0
6341,0
6342,2
6343,0
6344,2
6345,0
6346,0
6347,2
6348,0
6349,2
6350,0
6351,0
6352,2
6353,2
6354,0
6355,2
6356,0
6357,0
6358,0
6359,0
6360,0
6361,0
6362,0
6363,2
6364,0
6365,0
6366,1
6367,0
6368,0
6369,0
6370,2
6371,0
6372,0
6373,2
6374,2
6375,0
6376,0
6377,0
6378,0
6379,0
6380,0
6381,2
6382,0
6383,0
6384,2
6385,0
6386,2
6387,0
6388,2
6389,2
6390,0
6391,1
6392,0
6393,2
6394,0
6395,0
6396,2
6397,0
6398,0
6399,0
6400,2
6401,0
6402,0
6403,0
6404,2
6405,0
6406,2
6407,2
6408,0
6409,0
6410,2
6411,1
6412,0
6413,2
6414,0
6415,2
6416,0
6417,1
6418,0
6419,0
6420,0
6421,0
6422,0
6423,0
6424,0
6425,0
6426,1
6427,2
6428,0
6429,0
6430,1
6431,0
6432,0
6433,0
6434,0
6435,0
6436,0
6437,0
6438,0
6439,2
6440,2
6441,0
6442,0
6443,2
6444,0
6445,0
6446,2
6447,0
6448,0
6449,0
6450,0
6451,2
6452,0
6453,2
6454,0
6455,2
6456,2
6457,2
6458,0
6459,2
6460,2
6461,0
6462,2
6463,0
6464,0
6465,0
6466,0
6467,0
6468,2
6469,0
6470,0
6471,2
6472,0
6473,1
6474,0
6475,2
6476,0
6477,0
6478,2
6479,0
6480,2
6481,0
6482,0
6483,0
6484,0
6485,2
6486,2
6487,0
6488,0
6489,2
6490,2
6491,0
6492,0
6493,0
6494,0
6495,2
6496,2
6497,2
6498,0
6499,0
6500,0
6501,0
6502,1
6503,0
6504,0
6505,0
6506,0
6507,1
6508,2
6509,2
6510,0
6511,0
6512,0
6513,0
6514,0
6515,0
6516,2
6517,1
6518,0
6519,2
6520,0
6521,0
6522,0
6523,0
6524,1
6525,0
6526,0
6527,2
6528,2
6529,0
6530,0
6531,0
6532,2
6533,0
6534,2
6535,0
6536,0
6537,0
6538,2
6539,2
6540,0
6541,0
6542,2
6543,0
6544,0
6545,0
6546,0
6547,2
6548,2
6549,0
6550,2
6551,0
6552,2
6553,2
6554,0
6555,2
6556,0
6557,2
6558,2
6559,0
6560,0
6561,0
6562,0
6563,2
6564,1
6565,2
6566,0
6567,1
6568,2
6569,2
6570,1
6571,2
6572,0
6573,2
6574,2
6575,2
6576,2
6577,0
6578,2
6579,0
6580,2
6581,0
6582,0
6583,0
6584,0
6585,0
6586,0
6587,2
6588,2
6589,0
6590,0
6591,0
6592,0
6593,0
6594,2
6595,2
6596,2
6597,2
6598,0
6599,0
6600,0
6601,2
6602,0
6603,2
6604,2
6605,2
6606,0
6607,0
6608,0
6609,0
6610,0
6611,2
6612,0
6613,2
6614,0
6615,2
6616,0
6617,2
6618,0
6619,1
6620,2
6621,0
6622,0
6623,2
6624,0
6625,0
6626,0
6627,0
6628,0
6629,2
6630,2
6631,0
6632,0
6633,0
6634,0
6635,0
6636,2
6637,0
6638,2
6639,2
6640,0
6641,2
6642,2
6643,2
6644,0
6645,2
6646,2
6647,0
6648,0
6649,0
6650,0
6651,1
6652,1
6653,2
6654,2
6655,0
6656,0
6657,0
6658,2
6659,0
6660,0
6661,0
6662,0
6663,2
6664,2
6665,2
6666,2
6667,2
6668,0
6669,0
6670,0
6671,2
6672,0
6673,2
6674,2
6675,1
6676,0
6677,2
6678,0
6679,2
6680,0
6681,2
6682,0
6683,0
6684,2
6685,0
6686,0
6687,2
6688,0
6689,0
6690,0
6691,0
6692,0
6693,0
6694,0
6695,2
6696,2
6697,0
6698,2
6699,0
6700,0
6701,0
6702,0
6703,2
6704,0
6705,0
6706,0
6707,0
6708,0
6709,0
6710,2
6711,2
6712,0
6713,0
6714,2
6715,2
6716,0
6717,0
6718,2
6719,2
6720,0
6721,1
6722,0
6723,0
6724,0
6725,2
6726,0
6727,2
6728,2
6729,2
6730,2
6731,0
6732,0
6733,0
6734,2
6735,0
6736,0
6737,0
6738,0
6739,2
6740,0
6741,2
6742,0
6743,0
6744,0
6745,2
6746,0
6747,0
6748,0
6749,0
6750,0
6751,1
6752,0
6753,0
6754,0
6755,0
6756,0
6757,0
6758,0
6759,0
6760,0
6761,2
6762,2
6763,0
6764,2
6765,0
6766,0
6767,2
6768,0
6769,0
6770,2
6771,0
6772,0
6773,0
6774,2
6775,1
6776,0
6777,2
6778,0
6779,0
6780,0
6781,0
6782,0
6783,0
6784,2
6785,0
6786,0
6787,2
6788,0
6789,2
6790,2
6791,1
6792,2
6793,0
6794,0
6795,0
6796,2
6797,0
6798,0
6799,0
6800,0
6801,0
6802,2
6803,0
6804,2
6805,0
6806,0
6807,2
6808,1
6809,2
6810,0
6811,0
6812,2
6813,0
6814,2
6815,2
6816,0
6817,0
6818,0
6819,1
6820,0
6821,0
6822,0
6823,2
6824,2
6825,0
6826,2
6827,0
6828,0
6829,0
6830,2
6831,0
6832,2
6833,0
6834,0
6835,0
6836,0
6837,2
6838,0
6839,0
6840,0
6841,0
6842,0
6843,2
6844,2
6845,1
6846,0
6847,2
6848,2
6849,0
6850,0
6851,0
6852,2
6853,2
6854,2
6855,0
6856,2
6857,0
6858,0
6859,0
6860,0
6861,1
6862,2
6863,0
6864,2
6865,0
6866,0
6867,0
6868,2
6869,0
6870,2
6871,2
6872,0
6873,2
6874,2
6875,1
6876,2
6877,0
6878,0
6879,1
6880,0
6881,2
6882,0
6883,2
6884,2
6885,2
6886,2
6887,2
6888,2
6889,1
6890,2
6891,2
6892,0
6893,2
6894,2
6895,2
6896,0
6897,2
6898,0
6899,2
6900,0
6901,0
6902,2
6903,2
6904,0
6905,2
6906,0
6907,0
6908,0
6909,2
6910,0
6911,1
6912,2
6913,2
6914,0
6915,0
6916,0
6917,0
6918,2
6919,2
6920,0
6921,0
6922,0
6923,0
6924,2
6925,2
6926,0
6927,0
6928,2
6929,2
6930,0
6931,0
6932,0
6933,0
6934,0
6935,0
6936,0
6937,0
6938,0
6939,0
6940,2
6941,0
6942,1
6943,0
6944,0
6945,0
6946,0
6947,2
6948,0
6949,2
6950,2
6951,0
6952,0
6953,2
6954,0
6955,0
6956,0
6957,2
6958,2
6959,0
6960,2
6961,0
6962,2
6963,0
6964,0
6965,2
6966,0
6967,2
6968,0
6969,0
6970,2
6971,2
6972,0
6973,1
6974,2
6975,1
6976,2
6977,2
6978,0
6979,0
6980,2
6981,0
6982,2
6983,2
6984,2
6985,0
6986,0
6987,0
6988,0
6989,1
6990,2
6991,2
6992,2
6993,0
6994,0
6995,0
6996,0
6997,0
6998,2
6999,1
7000,2
7001,0
7002,2
7003,0
7004,0
7005,2
7006,0
7007,0
7008,0
7009,2
7010,2
7011,0
7012,0
7013,0
7014,0
7015,0
7016,0
7017,0
7018,0
7019,2
7020,0
7021,2
7022,0
7023,0
7024,0
7025,0
7026,2
7027,2
7028,2
7029,2
7030,1
7031,2
7032,2
7033,2
7034,2
7035,0
7036,0
7037,2
7038,0
7039,0
7040,0
7041,2
7042,2
7043,0
7044,0
7045,0
7046,0
7047,2
7048,0
7049,2
7050,2
7051,2
7052,2
7053,0
7054,0
7055,0
7056,0
7057,2
7058,0
7059,0
7060,2
7061,1
7062,0
7063,2
7064,2
7065,0
7066,0
7067,2
7068,2
7069,0
7070,0
7071,0
7072,0
7073,2
7074,2
7075,0
7076,2
7077,2
7078,2
7079,2
7080,0
7081,0
7082,0
7083,2
7084,2
7085,0
7086,0
7087,0
7088,0
7089,0
7090,0
7091,2
7092,0
7093,0
7094,0
7095,2
7096,0
7097,0
7098,0
7099,2
7100,1
7101,2
7102,0
7103,0
7104,2
7105,2
7106,0
7107,2
7108,0
7109,2
7110,2
7111,0
7112,2
7113,0
7114,2
7115,2
7116,0
7117,0
7118,2
7119,0
7120,0
7121,2
7122,2
7123,0
7124,0
7125,0
7126,0
7127,0
7128,2
7129,2
7130,2
7131,2
7132,0
7133,2
7134,0
7135,0
7136,2
7137,0
7138,2
7139,0
7140,2
7141,0
7142,0
7143,2
7144,0
7145,0
7146,2
7147,2
7148,0
7149,0
7150,0
7151,0
7152,0
7153,0
7154,0
7155,0
7156,0
7157,0
7158,0
7159,0
7160,1
7161,0
7162,1
7163,0
7164,2
7165,0
7166,0
7167,2
7168,2
7169,2
7170,2
7171,0
7172,0
7173,2
7174,0
7175,2
7176,2
7177,2
7178,0
7179,0
7180,0
7181,0
7182,0
7183,2
7184,0
7185,2
7186,2
7187,0
7188,0
7189,0
7190,0
7191,2
7192,2
7193,0
7194,0
7195,2
7196,2
7197,0
7198,0
7199,0
7200,0
7201,0
7202,2
7203,0
7204,1
7205,0
7206,2
7207,0
7208,0
7209,2
7210,2
7211,0
7212,0
7213,0
7214,0
7215,0
7216,0
7217,2
7218,2
7219,2
7220,0
7221,2
7222,0
7223,2
7224,0
7225,0
7226,2
7227,0
7228,0
7229,2
7230,0
7231,2
7232,2
7233,0
7234,0
7235,0
7236,2
7237,1
7238,0
7239,0
7240,0
7241,0
7242,0
7243,0
7244,0
7245,0
7246,0
7247,2
7248,1
7249,2
7250,2
7251,2
7252,0
7253,0
7254,0
7255,0
7256,0
7257,0
7258,0
7259,2
7260,2
7261,0
7262,0
7263,0
7264,1
7265,0
7266,0
7267,2
7268,0
7269,0
7270,0
7271,0
7272,0
7273,1
7274,0
7275,2
7276,1
7277,0
7278,2
7279,0
7280,0
7281,0
7282,0
7283,2
7284,2
7285,0
7286,2
7287,2
7288,0
7289,0
7290,2
7291,2
7292,0
7293,0
7294,2
7295,2
7296,2
7297,0
7298,2
7299,0
7300,0
7301,2
7302,0
7303,0
7304,2
7305,2
7306,2
7307,0
7308,0
7309,0
7310,0
7311,2
7312,0
7313,2
7314,2
7315,0
7316,2
7317,0
7318,2
7319,2
7320,2
7321,0
7322,0
7323,1
7324,0
7325,0
7326,0
7327,0
7328,0
7329,2
7330,2
7331,0
7332,0
7333,0
7334,0
7335,0
7336,0
7337,1
7338,2
7339,0
7340,0
7341,2
7342,0
7343,2
7344,0
7345,0
7346,0
7347,0
7348,0
7349,2
7350,0
7351,0
7352,0
7353,0
7354,2
7355,2
7356,0
7357,1
7358,2
7359,0
7360,0
7361,0
7362,0
7363,0
7364,0
7365,2
7366,0
7367,0
7368,0
7369,0
7370,0
7371,0
7372,0
7373,0
7374,0
7375,0
7376,0
7377,0
7378,0
7379,0
7380,2
7381,0
7382,0
7383,2
7384,2
7385,2
7386,0
7387,0
7388,0
7389,2
7390,0
7391,0
7392,0
7393,0
7394,0
7395,0
7396,1
7397,0
7398,0
7399,0
7400,2
7401,0
7402,1
7403,0
7404,0
7405,2
7406,0
7407,2
7408,2
7409,2
7410,0
7411,0
7412,0
7413,0
7414,2
7415,2
7416,2
7417,2
7418,0
7419,0
7420,2
7421,2
7422,2
7423,0
7424,0
7425,2
7426,0
7427,0
7428,0
7429,2
7430,0
7431,0
7432,0
7433,2
7434,0
7435,0
7436,2
7437,2
7438,2
7439,0
7440,2
7441,0
7442,0
7443,0
7444,2
7445,0
7446,0
7447,2
7448,0
7449,0
7450,2
7451,2
7452,0
7453,2
7454,0
7455,2
7456,0
7457,0
7458,2
7459,0
7460,2
7461,0
7462,0
7463,0
7464,0
7465,2
7466,0
7467,0
7468,1
7469,1
7470,0
7471,2
7472,0
7473,0
7474,2
7475,0
7476,0
7477,0
7478,2
7479,0
7480,2
7481,2
7482,0
7483,2
7484,0
7485,0
7486,2
7487,2
7488,0
7489,2
7490,2
7491,0
7492,0
7493,1
7494,0
7495,1
7496,2
7497,0
7498,2
7499,2
7500,0
7501,0
7502,0
7503,0
7504,2
7505,2
7506,0
7507,2
7508,0
7509,2
7510,2
7511,0
7512,0
7513,2
7514,2
7515,2
7516,2
7517,0
7518,2
7519,0
7520,0
7521,0
7522,0
7523,0
7524,2
7525,0
7526,2
7527,0
7528,0
7529,0
7530,2
7531,2
7532,0
7533,2
7534,0
7535,0
7536,2
7537,2
7538,0
7539,0
7540,2
7541,0
7542,0
7543,2
7544,2
7545,0
7546,0
7547,0
7548,2
7549,0
7550,2
7551,0
7552,0
7553,2
7554,0
7555,0
7556,0
7557,2
7558,2
7559,0
7560,2
7561,2
7562,0
7563,2
7564,0
7565,0
7566,0
7567,2
7568,0
7569,0
7570,0
7571,0
7572,0
7573,0
7574,0
7575,2
7576,0
7577,0
7578,2
7579,2
7580,2
7581,0
7582,2
7583,2
7584,2
7585,0
7586,0
7587,0
7588,0
7589,1
7590,2
7591,2
7592,0
7593,2
7594,0
7595,1
7596,2
7597,0
7598,2
7599,0
7600,0
7601,0
7602,0
7603,2
7604,0
7605,0
7606,0
7607,2
7608,1
7609,2
7610,2
7611,0
7612,0
7613,0
7614,0
7615,0
7616,0
7617,2
7618,2
7619,0
7620,0
7621,2
7622,2
7623,0
7624,2
7625,2
7626,2
7627,2
7628,0
7629,0
7630,0
7631,0
7632,2
7633,2
7634,2
7635,0
7636,0
7637,0
7638,2
7639,0
7640,0
7641,0
7642,0
7643,2
7644,0
7645,0
7646,2
7647,0
7648,0
7649,2
7650,0
7651,2
7652,2
7653,0
7654,0
7655,2
7656,2
7657,0
7658,0
7659,0
7660,2
7661,0
7662,0
7663,0
7664,0
7665,0
7666,0
7667,2
7668,0
7669,0
7670,2
7671,2
7672,0
7673,0
7674,0
7675,0
7676,2
7677,2
7678,2
7679,0
7680,0
7681,0
7682,1
7683,0
7684,2
7685,2
7686,2
7687,0
7688,0
7689,2
7690,0
7691,0
7692,0
7693,0
7694,1
7695,0
7696,0
7697,0
7698,2
7699,0
7700,0
7701,2
7702,0
7703,0
7704,0
7705,0
7706,0
7707,0
7708,0
7709,0
7710,0
7711,0
7712,2
7713,1
7714,2
7715,0
7716,0
7717,2
7718,0
7719,2
7720,0
7721,0
7722,2
7723,2
7724,0
7725,0
7726,2
7727,0
7728,1
7729,2
7730,0
7731,0
7732,2
7733,2
7734,2
7735,0
7736,0
7737,0
7738,0
7739,2
7740,2
7741,0
7742,0
7743,0
7744,2
7745,0
7746,1
7747,0
7748,0
7749,2
7750,0
7751,0
7752,2
7753,2
7754,0
7755,2
7756,0
7757,0
7758,0
7759,2
7760,0
7761,1
7762,0
7763,0
7764,0
7765,0
7766,2
7767,2
7768,2
7769,0
7770,0
7771,0
7772,2
7773,0
7774,0
7775,2
7776,0
7777,0
7778,2
7779,0
7780,2
7781,0
7782,2
7783,0
7784,0
7785,0
7786,0
7787,0
7788,2
7789,2
7790,0
7791,0
7792,0
7793,0
7794,2
7795,0
7796,0
7797,1
7798,2
7799,0
7800,1
7801,0
7802,0
7803,0
7804,0
7805,0
7806,0
7807,0
7808,0
7809,0
7810,2
7811,0
7812,2
7813,0
7814,0
7815,0
7816,2
7817,0
7818,0
7819,0
7820,2
7821,0
7822,0
7823,1
7824,0
7825,0
7826,0
7827,1
7828,0
7829,2
7830,0
7831,0
7832,2
7833,2
7834,1
7835,2
7836,2
7837,2
7838,0
7839,2
7840,0
7841,0
7842,0
7843,0
7844,2
7845,0
7846,0
7847,1
7848,2
7849,0
7850,0
7851,2
7852,2
7853,2
7854,0
7855,2
7856,0
7857,2
7858,0
7859,0
7860,1
7861,0
7862,2
7863,2
7864,0
7865,2
7866,0
7867,0
7868,0
7869,2
7870,0
7871,0
7872,0
7873,2
7874,2
7875,2
7876,0
7877,0
7878,2
7879,0
7880,0
7881,0
7882,0
7883,0
7884,0
7885,0
7886,0
7887,2
7888,0
7889,2
7890,2
7891,0
7892,2
7893,2
7894,2
7895,0
7896,2
7897,0
7898,0
7899,0
7900,2
7901,2
7902,0
7903,0
7904,0
7905,0
7906,2
7907,0
7908,0
7909,0
7910,1
7911,1
7912,0
7913,0
7914,2
7915,0
7916,2
7917,2
7918,0
7919,0
7920,1
7921,0
7922,2
7923,0
7924,2
7925,2
7926,2
7927,2
7928,2
7929,0
7930,0
7931,0
7932,0
7933,2
7934,0
7935,0
7936,0
7937,0
7938,2
7939,0
7940,2
7941,2
7942,0
7943,0
7944,0
7945,0
7946,2
7947,0
7948,2
7949,0
7950,2
7951,0
7952,1
7953,1
7954,0
7955,2
7956,0
7957,0
7958,0
7959,2
7960,0
7961,0
7962,0
7963,0
7964,0
7965,0
7966,0
7967,0
7968,2
7969,2
7970,0
7971,2
7972,0
7973,0
7974,0
7975,0
7976,0
7977,0
7978,0
7979,0
7980,0
7981,0
7982,2
7983,0
7984,2
7985,2
7986,2
7987,2
7988,0
7989,2
7990,0
7991,0
7992,0
7993,2
7994,0
7995,2
7996,0
7997,2
7998,0
7999,0
8000,2
8001,2
8002,0
8003,2
8004,0
8005,2
8006,2
8007,0
8008,0
8009,0
8010,2
8011,0
8012,0
8013,0
8014,0
8015,0
8016,0
8017,2
8018,2
8019,0
8020,0
8021,0
8022,0
8023,0
8024,2
8025,2
8026,2
8027,0
8028,0
8029,0
8030,2
8031,0
8032,2
8033,2
8034,0
8035,0
8036,2
8037,0
8038,2
8039,0
8040,0
8041,2
8042,2
8043,0
8044,2
8045,2
8046,2
8047,0
8048,0
8049,0
8050,2
8051,0
8052,2
8053,2
8054,2
8055,0
8056,0
8057,0
8058,0
8059,2
8060,2
8061,2
8062,2
8063,0
8064,2
8065,0
8066,2
8067,0
8068,0
8069,2
8070,0
8071,0
8072,2
8073,0
8074,0
8075,0
8076,0
8077,0
8078,0
8079,0
8080,0
8081,0
8082,0
8083,0
8084,0
8085,0
8086,0
8087,0
8088,2
8089,0
8090,0
8091,0
8092,0
8093,0
8094,0
8095,2
8096,2
8097,0
8098,0
8099,0
8100,2
8101,2
8102,0
8103,1
8104,0
8105,2
8106,2
8107,0
8108,2
8109,0
8110,0
8111,0
8112,2
8113,0
8114,0
8115,0
8116,2
8117,0
8118,0
8119,2
8120,2
8121,0
8122,2
8123,0
8124,0
8125,0
8126,0
8127,0
8128,0
8129,0
8130,0
8131,0
8132,0
8133,0
8134,0
8135,0
8136,0
8137,0
8138,2
8139,0
8140,0
8141,2
8142,0
8143,0
8144,0
8145,2
8146,0
8147,0
8148,0
8149,0
8150,0
8151,1
8152,2
8153,2
8154,0
8155,0
8156,0
8157,0
8158,0
8159,0
8160,0
8161,0
8162,0
8163,2
8164,0
8165,2
8166,0
8167,2
8168,0
8169,1
8170,2
8171,0
8172,0
8173,0
8174,0
8175,0
8176,0
8177,2
8178,0
8179,0
8180,0
8181,0
8182,0
8183,0
8184,0
8185,0
8186,0
8187,0
8188,0
8189,0
8190,0
8191,0
8192,0
8193,0
8194,0
8195,2
8196,0
8197,2
8198,1
8199,2
8200,0
8201,0
8202,0
8203,2
8204,0
8205,0
8206,0
8207,2
8208,0
8209,2
8210,2
8211,2
8212,0
8213,2
8214,0
8215,0
8216,0
8217,0
8218,0
8219,0
8220,2
8221,2
8222,0
8223,0
8224,2
8225,1
8226,2
8227,0
8228,0
8229,1
8230,0
8231,0
8232,0
8233,0
8234,2
8235,0
8236,2
8237,0
8238,0
8239,2
8240,0
8241,0
8242,0
8243,0
8244,2
8245,0
8246,0
8247,0
8248,2
8249,2
8250,0
8251,0
8252,2
8253,2
8254,2
8255,0
8256,0
8257,0
8258,0
8259,2
8260,2
8261,0
8262,2
8263,0
8264,0
8265,0
8266,0
8267,0
8268,0
8269,0
8270,2
8271,2
8272,0
8273,0
8274,0
8275,0
8276,0
8277,2
8278,0
8279,2
8280,2
8281,0
8282,0
8283,2
8284,0
8285,0
8286,1
8287,0
8288,0
8289,2
8290,0
8291,0
8292,2
8293,0
8294,0
8295,0
8296,2
8297,0
8298,0
8299,2
8300,0
8301,0
8302,0
8303,0
8304,0
8305,2
8306,0
8307,2
8308,0
8309,0
8310,0
8311,2
8312,2
8313,0
8314,0
8315,0
8316,0
8317,2
8318,0
8319,0
8320,0
8321,0
8322,0
8323,2
8324,0
8325,2
8326,0
8327,0
8328,2
8329,0
8330,0
8331,2
8332,2
8333,0
8334,0
8335,0
8336,0
8337,0
8338,1
8339,1
8340,0
8341,0
8342,2
8343,2
8344,2
8345,2
8346,1
8347,0
8348,2
8349,2
8350,0
8351,0
8352,2
8353,0
8354,2
8355,2
8356,0
8357,0
8358,0
8359,1
8360,0
8361,0
8362,2
8363,2
8364,2
8365,0
8366,1
8367,2
8368,0
8369,2
8370,0
8371,0
8372,0
8373,2
8374,0
8375,2
8376,2
8377,2
8378,0
8379,0
8380,2
8381,2
8382,1
8383,0
8384,2
8385,2
8386,0
8387,0
8388,2
8389,0
8390,0
8391,1
8392,0
8393,0
8394,2
8395,0
8396,2
8397,2
8398,0
8399,0
8400,0
8401,0
8402,0
8403,2
8404,0
8405,2
8406,0
8407,2
8408,0
8409,0
8410,0
8411,0
8412,0
8413,2
8414,2
8415,0
8416,0
8417,2
8418,2
8419,0
8420,0
8421,0
8422,0
8423,0
8424,0
8425,0
8426,0
8427,0
8428,2
8429,0
8430,0
8431,2
8432,0
8433,0
8434,2
8435,0
8436,0
8437,1
8438,0
8439,0
8440,2
8441,0
8442,1
8443,1
8444,0
8445,2
8446,0
8447,0
8448,2
8449,0
8450,0
8451,0
8452,0
8453,0
8454,0
8455,2
8456,0
8457,0
8458,0
8459,0
8460,0
8461,2
8462,2
8463,0
8464,0
8465,0
8466,0
8467,2
8468,0
8469,0
8470,0
8471,0
8472,2
8473,2
8474,0
8475,1
8476,0
8477,1
8478,0
8479,0
8480,0
8481,2
8482,2
8483,0
8484,0
8485,2
8486,1
8487,0
8488,2
8489,0
8490,0
8491,2
8492,0
8493,0
8494,0
8495,0
8496,0
8497,0
8498,0
8499,0
8500,0
8501,0
8502,0
8503,2
8504,2
8505,2
8506,2
8507,2
8508,0
8509,2
8510,0
8511,0
8512,0
8513,0
8514,0
8515,0
8516,2
8517,0
8518,0
8519,0
8520,2
8521,2
8522,0
8523,0
8524,1
8525,0
8526,0
8527,0
8528,2
8529,0
8530,2
8531,2
8532,0
8533,2
8534,2
8535,0
8536,0
8537,2
8538,0
8539,2
8540,1
8541,2
8542,0
8543,1
8544,0
8545,0
8546,0
8547,0
8548,0
8549,2
8550,2
8551,0
8552,0
8553,2
8554,0
8555,0
8556,0
8557,0
8558,0
8559,2
8560,0
8561,0
8562,0
8563,0
8564,0
8565,0
8566,0
8567,2
8568,0
8569,0
8570,0
8571,0
8572,0
8573,0
8574,0
8575,0
8576,2
8577,0
8578,0
8579,2
8580,1
8581,2
8582,2
8583,2
8584,0
8585,2
8586,0
8587,2
8588,0
8589,2
8590,0
8591,1
8592,0
8593,2
8594,0
8595,0
8596,0
8597,0
8598,2
8599,2
8600,0
8601,0
8602,0
8603,0
8604,0
8605,2
8606,2
8607,0
8608,0
8609,0
8610,0
8611,2
8612,0
8613,0
8614,0
8615,0
8616,0
8617,0
8618,0
8619,0
8620,2
8621,0
8622,0
8623,2
8624,2
8625,2
8626,2
8627,0
8628,0
8629,2
8630,2
8631,0
8632,2
8633,0
8634,2
8635,0
8636,0
8637,2
8638,0
8639,0
8640,0
8641,0
8642,2
8643,0
8644,0
8645,0
8646,0
8647,2
8648,0
8649,0
8650,0
8651,0
8652,0
8653,0
8654,2
8655,0
8656,0
8657,2
8658,0
8659,2
8660,0
8661,2
8662,2
8663,0
8664,2
8665,0
8666,2
8667,2
8668,2
8669,0
8670,0
8671,0
8672,2
8673,0
8674,2
8675,2
8676,0
8677,0
8678,2
8679,1
8680,0
8681,2
8682,0
8683,2
8684,2
8685,0
8686,0
8687,2
8688,0
8689,0
8690,0
8691,2
8692,0
8693,0
8694,0
8695,2
8696,2
8697,0
8698,2
8699,2
8700,2
8701,0
8702,2
8703,0
8704,0
8705,0
8706,0
8707,0
8708,0
8709,2
8710,0
8711,2
8712,0
8713,2
8714,0
8715,2
8716,2
8717,0
8718,0
8719,0
8720,2
8721,2
8722,0
8723,0
8724,2
8725,0
8726,0
8727,0
8728,0
8729,1
8730,0
8731,0
8732,2
8733,0
8734,2
8735,0
8736,2
8737,0
8738,0
8739,2
8740,2
8741,2
8742,2
8743,2
8744,2
8745,0
8746,0
8747,0
8748,1
8749,1
8750,0
8751,0
8752,2
8753,0
8754,0
8755,0
8756,0
8757,0
8758,0
8759,0
8760,0
8761,2
8762,0
8763,0
8764,2
8765,2
8766,0
8767,0
8768,0
8769,2
8770,0
8771,2
8772,2
8773,0
8774,0
8775,0
8776,2
8777,0
8778,0
8779,0
8780,0
8781,0
8782,0
8783,2
8784,0
8785,2
8786,2
8787,2
8788,0
8789,2
8790,0
8791,0
8792,2
8793,2
8794,0
8795,2
8796,0
8797,2
8798,2
8799,0
8800,0
8801,0
8802,2
8803,0
8804,0
8805,2
8806,0
8807,0
8808,0
8809,0
8810,2
8811,1
8812,0
8813,0
8814,2
8815,2
8816,2
8817,2
8818,0
8819,1
8820,0
8821,0
8822,2
8823,0
8824,2
8825,0
8826,0
8827,0
8828,2
8829,0
8830,0
8831,2
8832,2
8833,0
8834,2
8835,0
8836,0
8837,0
8838,2
8839,0
8840,0
8841,2
8842,2
8843,0
8844,0
8845,0
8846,2
8847,0
8848,0
8849,0
8850,2
8851,2
8852,0
8853,0
8854,0
8855,0
8856,0
8857,0
8858,0
8859,2
8860,2
8861,0
8862,2
8863,2
8864,0
8865,2
8866,0
8867,0
8868,2
8869,0
8870,0
8871,0
8872,0
8873,2
8874,0
8875,2
8876,2
8877,0
8878,0
8879,2
8880,0
8881,0
8882,2
8883,2
8884,1
8885,0
8886,0
8887,2
8888,2
8889,0
8890,0
8891,2
8892,0
8893,2
8894,0
8895,2
8896,0
8897,0
8898,2
8899,2
8900,0
8901,0
8902,2
8903,2
8904,0
8905,0
8906,2
8907,2
8908,1
8909,0
8910,2
8911,2
8912,2
8913,0
8914,0
8915,2
8916,2
8917,0
8918,0
8919,0
8920,0
8921,2
8922,0
8923,0
8924,2
8925,0
8926,2
8927,0
8928,0
8929,0
8930,2
8931,0
8932,0
8933,0
8934,2
8935,2
8936,2
8937,2
8938,2
8939,0
8940,2
8941,2
8942,1
8943,0
8944,0
8945,2
8946,0
8947,1
8948,2
8949,0
8950,0
8951,1
8952,0
8953,2
8954,0
8955,0
8956,1
8957,0
8958,1
8959,0
8960,2
8961,0
8962,2
8963,0
8964,0
8965,0
8966,2
8967,2
8968,2
8969,0
8970,0
8971,2
8972,2
8973,0
8974,0
8975,2
8976,0
8977,1
8978,0
8979,0
8980,0
8981,0
8982,2
8983,0
8984,0
8985,2
8986,2
8987,0
8988,0
8989,0
8990,2
8991,2
8992,0
8993,0
8994,0
8995,0
8996,0
8997,0
8998,2
8999,2
9000,2
9001,0
9002,0
9003,0
9004,2
9005,2
9006,0
9007,2
9008,0
9009,0
9010,0
9011,0
9012,0
9013,2
9014,0
9015,2
9016,0
9017,0
9018,2
9019,0
9020,2
9021,0
9022,2
9023,0
9024,0
9025,0
9026,2
9027,0
9028,0
9029,2
9030,2
9031,0
9032,0
9033,1
9034,0
9035,2
9036,0
9037,0
9038,2
9039,1
9040,0
9041,1
9042,2
9043,2
9044,2
9045,0
9046,0
9047,0
9048,0
9049,0
9050,2
9051,2
9052,0
9053,0
9054,0
9055,0
9056,0
9057,0
9058,2
9059,0
9060,2
9061,0
9062,0
9063,0
9064,2
9065,2
9066,2
9067,2
9068,0
9069,0
9070,0
9071,0
9072,0
9073,0
9074,0
9075,2
9076,0
9077,2
9078,0
9079,2
9080,2
9081,0
9082,0
9083,0
9084,2
9085,0
9086,0
9087,1
9088,2
9089,0
9090,2
9091,0
9092,0
9093,2
9094,0
9095,0
9096,0
9097,2
9098,0
9099,0
9100,1
9101,0
9102,0
9103,2
9104,0
9105,0
9106,2
9107,0
9108,0
9109,2
9110,0
9111,0
9112,0
9113,0
9114,2
9115,2
9116,0
9117,0
9118,0
9119,2
9120,0
9121,2
9122,0
9123,0
9124,2
9125,0
9126,2
9127,0
9128,0
9129,0
9130,0
9131,2
9132,0
9133,0
9134,0
9135,1
9136,0
9137,0
9138,0
9139,0
9140,0
9141,0
9142,2
9143,0
9144,0
9145,0
9146,0
9147,0
9148,0
9149,1
9150,2
9151,2
9152,0
9153,2
9154,0
9155,2
9156,0
9157,0
9158,2
9159,0
9160,0
9161,2
9162,2
9163,2
9164,0
9165,0
9166,2
9167,0
9168,2
9169,2
9170,2
9171,0
9172,0
9173,2
9174,0
9175,0
9176,2
9177,1
9178,0
9179,2
9180,0
9181,0
9182,0
9183,2
9184,0
9185,0
9186,2
9187,0
9188,0
9189,0
9190,0
9191,0
9192,0
9193,0
9194,0
9195,0
9196,0
9197,0
9198,2
9199,0
9200,2
9201,0
9202,0
9203,2
9204,2
9205,0
9206,0
9207,0
9208,0
9209,2
9210,0
9211,0
9212,2
9213,0
9214,0
9215,2
9216,0
9217,0
9218,2
9219,2
9220,0
9221,2
9222,0
9223,0
9224,0
9225,0
9226,0
9227,0
9228,2
9229,0
9230,0
9231,2
9232,0
9233,0
9234,2
9235,0
9236,2
9237,2
9238,0
9239,2
9240,0
9241,2
9242,2
9243,0
9244,2
9245,2
9246,0
9247,2
9248,2
9249,2
9250,2
9251,2
9252,0
9253,1
9254,0
9255,0
9256,0
9257,0
9258,0
9259,0
9260,2
9261,0
9262,0
9263,2
9264,2
9265,0
9266,2
9267,0
9268,0
9269,2
9270,2
9271,0
9272,2
9273,0
9274,0
9275,0
9276,2
9277,0
9278,0
9279,2
9280,0
9281,2
9282,0
9283,0
9284,0
9285,0
9286,0
9287,2
9288,0
9289,0
9290,0
9291,2
9292,0
9293,0
9294,2
9295,2
9296,2
9297,0
9298,0
9299,2
9300,0
9301,0
9302,0
9303,2
9304,2
9305,0
9306,0
9307,2
9308,0
9309,0
9310,0
9311,0
9312,0
9313,1
9314,0
9315,2
9316,0
9317,0
9318,0
9319,0
9320,2
9321,0
9322,0
9323,0
9324,0
9325,0
9326,2
9327,0
9328,0
9329,0
9330,0
9331,0
9332,2
9333,0
9334,2
9335,2
9336,0
9337,0
9338,2
9339,2
9340,0
9341,0
9342,2
9343,0
9344,2
9345,2
9346,0
9347,0
9348,2
9349,2
9350,2
9351,0
9352,0
9353,2
9354,0
9355,2
9356,2
9357,2
9358,2
9359,0
9360,2
9361,0
9362,2
9363,0
9364,0
9365,2
9366,0
9367,2
9368,2
9369,0
9370,2
9371,2
9372,0
9373,0
9374,0
9375,0
9376,0
9377,0
9378,2
9379,2
9380,0
9381,0
9382,2
9383,0
9384,0
9385,0
9386,0
9387,2
9388,0
9389,0
9390,0
9391,0
9392,0
9393,0
9394,0
9395,0
9396,2
9397,0
9398,2
9399,2
9400,2
9401,2
9402,0
9403,0
9404,2
9405,0
9406,2
9407,2
9408,0
9409,0
9410,0
9411,0
9412,2
9413,0
9414,2
9415,2
9416,0
9417,0
9418,2
9419,0
9420,2
9421,2
9422,0
9423,0
9424,0
9425,2
9426,0
9427,0
9428,0
9429,0
9430,0
9431,2
9432,0
9433,0
9434,2
9435,2
9436,0
9437,2
9438,2
9439,2
9440,0
9441,0
9442,0
9443,0
9444,2
9445,2
9446,0
9447,0
9448,2
9449,0
9450,0
9451,0
9452,0
9453,2
9454,0
9455,0
9456,0
9457,0
9458,2
9459,2
9460,2
9461,2
9462,2
9463,2
9464,0
9465,0
9466,2
9467,0
9468,2
9469,0
9470,0
9471,0
9472,0
9473,2
9474,1
9475,1
9476,0
9477,2
9478,0
9479,0
9480,0
9481,0
9482,2
9483,0
9484,0
9485,2
9486,0
9487,2
9488,2
9489,2
9490,2
9491,2
9492,0
9493,1
9494,0
9495,2
9496,0
9497,0
9498,0
9499,0
9500,0
9501,0
9502,2
9503,0
9504,0
9505,2
9506,0
9507,0
9508,2
9509,2
9510,2
9511,2
9512,0
9513,0
9514,0
9515,0
9516,2
9517,0
9518,2
9519,0
9520,2
9521,0
9522,0
9523,0
9524,0
9525,0
9526,1
9527,0
9528,0
9529,0
9530,1
9531,2
9532,0
9533,0
9534,0
9535,0
9536,0
9537,2
9538,2
9539,2
9540,0
9541,2
9542,0
9543,0
9544,0
9545,0
9546,0
9547,0
9548,0
9549,2
9550,0
9551,0
9552,2
9553,0
9554,0
9555,0
9556,2
9557,2
9558,2
9559,2
9560,0
9561,0
9562,0
9563,0
9564,0
9565,1
9566,0
9567,0
9568,0
9569,0
9570,0
9571,0
9572,0
9573,1
9574,0
9575,2
9576,0
9577,2
9578,2
9579,0
9580,0
9581,0
9582,0
9583,2
9584,2
9585,2
9586,0
9587,2
9588,1
9589,0
9590,0
9591,0
9592,2
9593,1
9594,0
9595,0
9596,2
9597,2
9598,2
9599,2
9600,0
9601,2
9602,0
9603,1
9604,2
9605,1
9606,0
9607,1
9608,0
9609,0
9610,0
9611,2
9612,0
9613,0
9614,2
9615,0
9616,0
9617,0
9618,0
9619,2
9620,0
9621,2
9622,0
9623,0
9624,1
9625,0
9626,2
9627,2
9628,0
9629,0
9630,2
9631,0
9632,0
9633,0
9634,2
9635,0
9636,0
9637,0
9638,0
9639,0
9640,0
9641,2
9642,2
9643,1
9644,2
9645,0
9646,0
9647,0
9648,2
9649,2
9650,2
9651,2
9652,2
9653,0
9654,2
9655,0
9656,0
9657,0
9658,0
9659,0
9660,0
9661,2
9662,0
9663,0
9664,0
9665,0
9666,2
9667,2
9668,0
9669,0
9670,0
9671,0
9672,2
9673,0
9674,2
9675,0
9676,0
9677,0
9678,0
9679,0
9680,2
9681,1
9682,2
9683,0
9684,2
9685,0
9686,0
9687,2
9688,1
9689,0
9690,0
9691,0
9692,2
9693,0
9694,0
9695,2
9696,2
9697,0
9698,0
9699,2
9700,0
9701,2
9702,0
9703,0
9704,0
9705,2
9706,0
9707,0
9708,0
9709,1
9710,2
9711,0
9712,1
9713,2
9714,0
9715,0
9716,2
9717,0
9718,0
9719,0
9720,0
9721,2
9722,1
9723,0
9724,0
9725,0
9726,0
9727,2
9728,2
9729,2
9730,0
9731,0
9732,2
9733,0
9734,0
9735,0
9736,0
9737,0
9738,2
9739,2
9740,2
9741,0
9742,0
9743,0
9744,0
9745,0
9746,0
9747,0
9748,2
9749,0
9750,0
9751,0
9752,0
9753,0
9754,0
9755,2
9756,2
9757,0
9758,2
9759,0
9760,2
9761,0
9762,0
9763,0
9764,0
9765,1
9766,0
9767,2
9768,0
9769,0
9770,0
9771,2
9772,0
9773,0
9774,2
9775,0
9776,0
9777,2
9778,1
9779,2
9780,0
9781,0
9782,2
9783,2
9784,0
9785,2
9786,0
9787,0
9788,0
9789,0
9790,2
9791,0
9792,0
9793,1
9794,0
9795,0
9796,0
9797,0
9798,0
9799,2
9800,0
9801,2
9802,0
9803,2
9804,2
9805,0
9806,2
9807,2
9808,0
9809,0
9810,0
9811,0
9812,0
9813,0
9814,1
9815,0
9816,2
9817,2
9818,2
9819,0
9820,0
9821,2
9822,1
9823,0
9824,0
9825,0
9826,0
9827,0
9828,1
9829,0
9830,0
9831,2
9832,0
9833,0
9834,0
9835,0
9836,2
9837,2
9838,0
9839,0
9840,2
9841,0
9842,0
9843,0
9844,0
9845,0
9846,2
9847,0
9848,2
9849,2
9850,2
9851,2
9852,0
9853,0
9854,2
9855,2
9856,0
9857,0
9858,0
9859,2
9860,2
9861,0
9862,2
9863,0
9864,2
9865,0
9866,0
9867,1
9868,2
9869,0
9870,0
9871,0
9872,0
9873,2
9874,0
9875,0
9876,0
9877,0
9878,0
9879,0
9880,2
9881,0
9882,0
9883,2
9884,0
9885,0
9886,0
9887,0
9888,2
9889,2
9890,2
9891,0
9892,0
9893,2
9894,0
9895,0
9896,2
9897,0
9898,2
9899,0
9900,2
9901,2
9902,0
9903,0
9904,2
9905,0
9906,0
9907,0
9908,2
9909,1
9910,0
9911,2
9912,0
9913,0
9914,0
9915,0
9916,0
9917,0
9918,0
9919,2
9920,2
9921,0
9922,2
9923,0
9924,0
9925,2
9926,0
9927,0
9928,2
9929,1
9930,2
9931,2
9932,0
9933,2
9934,0
9935,0
9936,0
9937,2
9938,0
9939,2
9940,0
9941,2
9942,0
9943,0
9944,2
9945,0
9946,2
9947,0
9948,0
9949,0
9950,0
9951,2
9952,0
9953,0
9954,2
9955,0
9956,1
9957,0
9958,1
9959,0
9960,0
9961,2
9962,0
9963,0
9964,0
9965,2
9966,0
9967,2
9968,0
9969,2
9970,2
9971,0
9972,0
9973,2
9974,0
9975,0
9976,0
9977,0
9978,2
9979,2
9980,0
9981,0
9982,0
9983,0
9984,2
9985,2
9986,0
9987,0
9988,0
9989,1
9990,2
9991,0
9992,0
9993,0
9994,2
9995,2
9996,0
9997,0
9998,0
9999,2
10000,0
10001,0
10002,2
10003,0
10004,0
10005,0
10006,0
10007,2
10008,0
10009,0
10010,0
10011,0
10012,0
10013,0
10014,0
10015,1
10016,2
10017,1
10018,0
10019,2
10020,0
10021,0
10022,2
10023,0
10024,0
10025,2
10026,1
10027,0
10028,0
10029,0
10030,0
10031,2
10032,0
10033,2
10034,0
10035,0
10036,0
10037,0
10038,2
10039,0
10040,0
10041,2
10042,2
10043,2
10044,0
10045,2
10046,2
10047,2
10048,0
10049,2
10050,0
10051,2
10052,0
10053,0
10054,2
10055,0
10056,0
10057,0
10058,0
10059,0
10060,0
10061,2
10062,0
10063,0
10064,0
10065,2
10066,0
10067,2
10068,0
10069,0
10070,2
10071,1
10072,0
10073,0
10074,2
10075,0
10076,0
10077,2
10078,2
10079,2
10080,2
10081,0
10082,2
10083,0
10084,0
10085,1
10086,0
10087,0
10088,2
10089,0
10090,2
10091,0
10092,0
10093,0
10094,2
10095,0
10096,0
10097,0
10098,0
10099,2
10100,0
10101,0
10102,0
10103,0
10104,0
10105,2
10106,0
10107,0
10108,2
10109,0
10110,0
10111,0
10112,0
10113,0
10114,0
10115,2
10116,0
10117,0
10118,2
10119,0
10120,2
10121,0
10122,0
10123,0
10124,0
10125,2
10126,0
10127,0
10128,0
10129,1
10130,0
10131,0
10132,2
10133,0
10134,0
10135,0
10136,0
10137,0
10138,0
10139,2
10140,2
10141,0
10142,0
10143,2
10144,2
10145,2
10146,0
10147,0
10148,2
10149,2
10150,2
10151,2
10152,0
10153,0
10154,1
10155,2
10156,0
10157,0
10158,2
10159,2
10160,0
10161,2
10162,0
10163,0
10164,0
10165,2
10166,0
10167,0
10168,0
10169,2
10170,0
10171,2
10172,0
10173,1
10174,0
10175,2
10176,0
10177,0
10178,2
10179,0
10180,0
10181,0
10182,0
10183,0
10184,0
10185,0
10186,2
10187,2
10188,0
10189,0
10190,2
10191,0
10192,2
10193,0
10194,0
10195,0
10196,0
10197,0
10198,0
10199,0
10200,0
10201,0
10202,2
10203,2
10204,2
10205,0
10206,2
10207,0
10208,2
10209,0
10210,2
10211,2
10212,1
10213,2
10214,2
10215,0
10216,0
10217,2
10218,2
10219,2
10220,2
10221,2
10222,2
10223,2
10224,0
10225,1
10226,2
10227,2
10228,0
10229,0
10230,0
10231,0
10232,0
10233,0
10234,0
10235,0
10236,2
10237,0
10238,0
10239,0
10240,0
10241,0
10242,2
10243,2
10244,2
10245,0
10246,0
10247,2
10248,2
10249,0
10250,0
10251,2
10252,0
10253,2
10254,2
10255,0
10256,0
10257,2
10258,0
10259,0
10260,0
10261,0
10262,2
10263,0
10264,0
10265,0
10266,2
10267,0
10268,0
10269,2
10270,2
10271,2
10272,2
10273,0
10274,0
10275,0
10276,0
10277,2
10278,0
10279,2
10280,2
10281,0
10282,1
10283,0
10284,0
10285,2
10286,2
10287,2
10288,0
10289,2
10290,2
10291,0
10292,0
10293,2
10294,0
10295,0
10296,2
10297,2
10298,0
10299,0
10300,0
10301,0
10302,0
10303,0
10304,2
10305,2
10306,0
10307,0
10308,0
10309,1
10310,2
10311,2
10312,2
10313,0
10314,2
10315,2
10316,0
10317,0
10318,0
10319,0
10320,2
10321,2
10322,2
10323,0
10324,0
10325,2
10326,2
10327,0
10328,0
10329,0
10330,2
10331,0
10332,0
10333,0
10334,2
10335,0
10336,0
10337,0
10338,0
10339,0
10340,0
10341,0
10342,0
10343,0
10344,0
10345,2
10346,0
10347,0
10348,2
10349,0
10350,0
10351,2
10352,0
10353,2
10354,0
10355,2
10356,0
10357,0
10358,0
10359,0
10360,2
10361,1
10362,0
10363,0
10364,0
10365,2
10366,2
10367,0
10368,0
10369,2
10370,0
10371,1
10372,0
10373,2
10374,1
10375,0
10376,0
10377,0
10378,2
10379,0
10380,0
10381,2
10382,2
10383,0
10384,0
10385,1
10386,0
10387,2
10388,2
10389,0
10390,2
10391,2
10392,0
10393,0
10394,0
10395,0
10396,0
10397,2
10398,0
10399,0
10400,2
10401,2
10402,0
10403,2
10404,2
10405,0
10406,0
10407,0
10408,2
10409,0
10410,0
10411,2
10412,0
10413,0
10414,0
10415,2
10416,0
10417,1
10418,2
10419,2
10420,0
10421,2
10422,0
10423,0
10424,0
10425,2
10426,0
10427,2
10428,0
10429,2
10430,0
10431,0
10432,0
10433,0
10434,2
10435,1
10436,0
10437,0
10438,0
10439,0
10440,2
10441,0
10442,0
10443,2
10444,0
10445,0
10446,2
10447,0
10448,0
10449,0
10450,1
10451,1
10452,0
10453,2
10454,0
10455,2
10456,0
10457,0
10458,0
10459,0
10460,1
10461,0
10462,0
10463,0
10464,0
10465,0
10466,0
10467,1
10468,0
10469,0
10470,0
10471,0
10472,0
10473,2
10474,0
10475,2
10476,0
10477,0
10478,2
10479,0
10480,0
10481,0
10482,0
10483,0
10484,0
10485,0
10486,2
10487,2
10488,0
10489,2
10490,2
10491,0
10492,0
10493,2
10494,1
10495,0
10496,0
10497,2
10498,0
10499,2
10500,2
10501,0
10502,2
10503,0
10504,0
10505,2
10506,0
10507,1
10508,0
10509,0
10510,0
10511,0
10512,0
10513,0
10514,0
10515,0
10516,0
10517,0
10518,0
10519,2
10520,0
10521,0
10522,0
10523,0
10524,0
10525,0
10526,2
10527,0
10528,0
10529,0
10530,0
10531,2
10532,0
10533,0
10534,0
10535,0
10536,0
10537,2
10538,2
10539,0
10540,0
10541,2
10542,0
10543,0
10544,0
10545,0
10546,0
10547,1
10548,2
10549,0
10550,2
10551,0
10552,0
10553,0
10554,2
10555,0
10556,2
10557,0
10558,1
10559,2
10560,0
10561,0
10562,0
10563,0
10564,2
10565,0
10566,0
10567,2
10568,0
10569,0
10570,0
10571,0
10572,0
10573,0
10574,2
10575,0
10576,0
10577,0
10578,0
10579,1
10580,0
10581,2
10582,0
10583,0
10584,2
10585,0
10586,2
10587,0
10588,2
10589,0
10590,0
10591,0
10592,0
10593,0
10594,2
10595,2
10596,0
10597,2
10598,0
10599,2
10600,2
10601,2
10602,2
10603,0
10604,0
10605,0
10606,0
10607,2
10608,0
10609,0
10610,0
10611,2
10612,0
10613,2
10614,0
10615,0
10616,0
10617,0
10618,2
10619,0
10620,0
10621,0
10622,2
10623,0
10624,0
10625,2
10626,0
10627,0
10628,0
10629,0
10630,0
10631,0
10632,2
10633,2
10634,0
10635,0
10636,0
10637,0
10638,0
10639,2
10640,0
10641,0
10642,2
10643,2
10644,0
10645,2
10646,2
10647,0
10648,0
10649,0
10650,0
10651,2
10652,0
10653,2
10654,0
10655,0
10656,0
10657,0
10658,2
10659,0
10660,0
10661,2
10662,0
10663,0
10664,0
10665,1
10666,2
10667,0
10668,2
10669,0
10670,2
10671,2
10672,2
10673,0
10674,0
10675,2
10676,0
10677,2
10678,0
10679,0
10680,0
10681,2
10682,2
10683,0
10684,2
10685,0
10686,2
10687,0
10688,1
10689,2
10690,0
10691,0
10692,2
10693,0
10694,0
10695,0
10696,2
10697,2
10698,0
10699,0
10700,2
10701,2
10702,2
10703,2
10704,0
10705,2
10706,0
10707,0
10708,0
10709,2
10710,0
10711,2
10712,0
10713,0
10714,0
10715,0
10716,0
10717,0
10718,0
10719,2
10720,0
10721,0
10722,2
10723,0
10724,2
10725,0
10726,2
10727,0
10728,2
10729,0
10730,0
10731,2
10732,0
10733,0
10734,2
10735,2
10736,2
10737,2
10738,2
10739,0
10740,2
10741,0
10742,2
10743,0
10744,0
10745,0
10746,2
10747,0
10748,2
10749,2
10750,0
10751,0
10752,2
10753,0
10754,2
10755,0
10756,0
10757,2
10758,0
10759,1
10760,0
10761,0
10762,0
10763,0
10764,1
10765,2
10766,2
10767,2
10768,2
10769,0
10770,0
10771,0
10772,1
10773,2
10774,2
10775,0
10776,2
10777,0
10778,2
10779,2
10780,0
10781,2
10782,0
10783,0
10784,2
10785,2
10786,0
10787,0
10788,0
10789,2
10790,0
10791,0
10792,2
10793,0
10794,2
10795,0
10796,2
10797,0
10798,0
10799,2
10800,2
10801,2
10802,0
10803,1
10804,2
10805,0
10806,1
10807,0
10808,0
10809,0
10810,0
10811,0
10812,2
10813,0
10814,0
10815,0
10816,0
10817,2
10818,0
10819,2
10820,0
10821,1
10822,0
10823,0
10824,2
10825,2
10826,0
10827,2
10828,0
10829,2
10830,0
10831,2
10832,0
10833,0
10834,2
10835,0
10836,2
10837,0
10838,0
10839,0
10840,2
10841,2
10842,1
10843,0
10844,0
10845,0
10846,2
10847,2
10848,1
10849,2
10850,0
10851,0
10852,0
10853,0
10854,0
10855,0
10856,0
10857,0
10858,2
10859,0
10860,0
10861,0
10862,0
10863,0
10864,2
10865,0
10866,0
10867,0
10868,2
10869,0
10870,0
10871,0
10872,0
10873,0
10874,2
10875,2
10876,0
10877,0
10878,2
10879,2
10880,0
10881,2
10882,0
10883,0
10884,0
10885,0
10886,0
10887,2
10888,2
10889,0
10890,2
10891,0
10892,0
10893,0
10894,0
10895,0
10896,0
10897,0
10898,0
10899,0
10900,0
10901,2
10902,0
10903,0
10904,0
10905,2
10906,2
10907,2
10908,2
10909,2
10910,0
10911,0
10912,2
10913,2
10914,2
10915,0
10916,0
10917,0
10918,0
10919,2
10920,1
10921,2
10922,0
10923,0
10924,0
10925,2
10926,0
10927,2
10928,0
10929,0
10930,0
10931,0
10932,0
10933,0
10934,0
10935,0
10936,0
10937,0
10938,2
10939,0
10940,2
10941,0
10942,2
10943,0
10944,2
10945,2
10946,0
10947,2
10948,0
10949,0
10950,2
10951,2
10952,2
10953,2
10954,0
10955,0
10956,0
10957,0
10958,0
10959,2
10960,2
10961,2
10962,2
10963,1
10964,0
10965,2
10966,0
10967,1
10968,0
10969,0
10970,0
10971,0
10972,0
10973,2
10974,0
10975,0
10976,2
10977,0
10978,0
10979,2
10980,0
10981,2
10982,0
10983,0
10984,0
10985,2
10986,0
10987,0
10988,0
10989,2
10990,0
10991,0
10992,0
10993,0
10994,2
10995,2
10996,1
10997,0
10998,0
10999,0
11000,2
11001,2
11002,0
11003,2
11004,0
11005,0
11006,0
11007,0
11008,2
11009,0
11010,0
11011,2
11012,2
11013,2
11014,1
11015,0
11016,2
11017,0
11018,0
11019,2
11020,0
11021,0
11022,2
11023,0
11024,2
11025,2
11026,0
11027,0
11028,0
11029,0
11030,2
11031,2
11032,2
11033,2
11034,2
11035,1
11036,2
11037,0
11038,0
11039,2
11040,2
11041,0
11042,2
11043,2
11044,0
11045,0
11046,2
11047,2
11048,0
11049,0
11050,2
11051,2
11052,0
11053,2
11054,2
11055,0
11056,2
11057,2
11058,0
11059,0
11060,2
11061,0
11062,2
11063,2
11064,0
11065,2
11066,0
11067,0
11068,0
11069,0
11070,0
11071,2
11072,2
11073,2
11074,0
11075,0
11076,2
11077,0
11078,0
11079,2
11080,0
11081,2
11082,0
11083,0
11084,0
11085,0
11086,0
11087,1
11088,0
11089,0
11090,0
11091,0
11092,0
11093,0
11094,0
11095,2
11096,0
11097,0
11098,0
11099,2
11100,0
11101,2
11102,2
11103,0
11104,0
11105,2
11106,0
11107,2
11108,0
11109,2
11110,0
11111,0
11112,0
11113,0
11114,2
11115,2
11116,0
11117,0
11118,0
11119,0
11120,0
11121,2
11122,0
11123,2
11124,0
11125,0
11126,0
11127,0
11128,2
11129,2
11130,0
11131,0
11132,2
11133,0
11134,0
11135,0
11136,0
11137,0
11138,0
11139,0
11140,2
11141,0
11142,2
11143,2
11144,0
11145,0
11146,0
11147,0
11148,2
11149,2
11150,2
11151,0
11152,2
11153,0
11154,2
11155,2
11156,2
11157,2
11158,0
11159,0
11160,0
11161,0
11162,2
11163,0
11164,2
11165,0
11166,2
11167,0
11168,0
11169,2
11170,0
11171,0
11172,0
11173,0
11174,2
11175,0
11176,1
11177,0
11178,0
11179,0
11180,2
11181,2
11182,2
11183,2
11184,0
11185,1
11186,0
11187,0
11188,2
11189,0
11190,0
11191,0
11192,2
11193,0
11194,0
11195,0
11196,2
11197,2
11198,0
11199,0
11200,2
11201,2
11202,0
11203,0
11204,0
11205,0
11206,0
11207,0
11208,0
11209,0
11210,2
11211,2
11212,0
11213,0
11214,0
11215,0
11216,0
11217,0
11218,0
11219,0
11220,1
11221,2
11222,0
11223,2
11224,2
11225,2
11226,0
11227,0
11228,2
11229,0
11230,0
11231,2
11232,1
11233,2
11234,0
11235,0
11236,0
11237,0
11238,0
11239,2
11240,2
11241,0
11242,2
11243,0
11244,2
11245,2
11246,0
11247,2
11248,2
11249,2
11250,0
11251,2
11252,2
11253,2
11254,0
11255,2
11256,0
11257,0
11258,0
11259,2
11260,2
11261,2
11262,2
11263,2
11264,0
11265,0
11266,0
11267,2
11268,0
11269,2
11270,2
11271,1
11272,2
11273,0
11274,0
11275,0
11276,0
11277,0
11278,2
11279,0
11280,0
11281,0
11282,0
11283,2
11284,0
11285,0
11286,0
11287,0
11288,2
11289,0
11290,0
11291,0
11292,0
11293,0
11294,0
11295,2
11296,0
11297,0
11298,0
11299,0
11300,0
11301,0
11302,0
11303,2
11304,0
11305,2
11306,0
11307,2
11308,0
11309,0
11310,0
11311,0
11312,0
11313,0
11314,1
11315,0
11316,0
11317,0
11318,0
11319,2
11320,0
11321,2
11322,0
11323,0
11324,0
11325,1
11326,0
11327,0
11328,0
11329,0
11330,2
11331,1
11332,0
11333,0
11334,1
11335,0
11336,0
11337,2
11338,2
11339,1
11340,0
11341,0
11342,0
11343,0
11344,2
11345,0
11346,1
11347,2
11348,0
11349,1
11350,2
11351,1
11352,0
11353,2
11354,2
11355,2
11356,0
11357,2
11358,2
11359,2
11360,0
11361,0
11362,2
11363,0
11364,0
11365,2
11366,2
11367,0
11368,0
11369,0
11370,0
11371,0
11372,2
11373,0
11374,2
11375,0
11376,0
11377,2
11378,2
11379,2
11380,1
11381,0
11382,1
11383,0
11384,1
11385,2
11386,2
11387,0
11388,2
11389,2
11390,0
11391,1
11392,2
11393,0
11394,0
11395,0
11396,0
11397,0
11398,0
11399,0
11400,2
11401,2
11402,2
11403,2
11404,2
11405,2
11406,0
11407,0
11408,0
11409,0
11410,2
11411,0
11412,1
11413,0
11414,2
11415,0
11416,0
11417,0
11418,2
11419,2
11420,0
11421,0
11422,0
11423,0
11424,2
11425,0
11426,0
11427,0
11428,2
11429,2
11430,0
11431,0
11432,0
11433,2
11434,0
11435,2
11436,0
11437,0
11438,2
11439,2
11440,0
11441,2
11442,2
11443,2
11444,0
11445,0
11446,2
11447,2
11448,0
11449,2
11450,2
11451,0
11452,2
11453,0
11454,1
11455,2
11456,2
11457,0
11458,0
11459,0
11460,0
11461,2
11462,0
11463,0
11464,2
11465,2
11466,2
11467,0
11468,0
11469,2
11470,2
11471,0
11472,0
11473,0
11474,2
11475,2
11476,2
11477,2
11478,1
11479,2
11480,2
11481,2
11482,0
11483,0
11484,2
11485,0
11486,0
11487,0
11488,0
11489,1
11490,0
11491,0
11492,0
11493,0
11494,0
11495,2
11496,0
11497,2
11498,2
11499,0
11500,2
11501,0
11502,0
11503,0
11504,2
11505,0
11506,0
11507,0
11508,0
11509,0
11510,1
11511,2
11512,0
11513,0
11514,0
11515,2
11516,2
11517,0
11518,0
11519,0
11520,2
11521,0
11522,0
11523,0
11524,0
11525,2
11526,2
11527,0
11528,0
11529,0
11530,0
11531,0
11532,0
11533,2
11534,0
11535,0
11536,0
11537,2
11538,0
11539,0
11540,0
11541,0
11542,0
11543,2
11544,0
11545,0
11546,0
11547,0
11548,2
11549,0
11550,0
11551,0
11552,2
11553,0
11554,0
11555,2
11556,0
11557,2
11558,2
11559,2
11560,0
11561,0
11562,0
11563,0
11564,0
11565,0
11566,0
11567,0
11568,2
11569,1
11570,2
11571,2
11572,0
11573,0
11574,0
11575,0
11576,2
11577,2
11578,1
11579,2
11580,0
11581,0
11582,0
11583,0
11584,0
11585,0
11586,0
11587,0
11588,0
11589,0
11590,0
11591,2
11592,2
11593,0
11594,2
11595,0
11596,2
11597,2
11598,0
11599,0
11600,2
11601,2
11602,2
11603,2
11604,2
11605,2
11606,2
11607,2
11608,0
11609,0
11610,0
11611,2
11612,2
11613,2
11614,0
11615,0
11616,0
11617,2
11618,0
11619,0
11620,0
11621,0
11622,2
11623,0
11624,0
11625,2
11626,2
11627,0
11628,2
11629,0
11630,0
11631,2
11632,0
11633,2
11634,0
11635,0
11636,0
11637,2
11638,0
11639,0
11640,0
11641,2
11642,0
11643,2
11644,2
11645,0
11646,0
11647,0
11648,0
11649,0
11650,2
11651,0
11652,0
11653,2
11654,0
11655,0
11656,0
11657,0
11658,0
11659,0
11660,2
11661,0
11662,2
11663,0
11664,2
11665,0
11666,2
11667,0
11668,0
11669,0
11670,2
11671,0
11672,0
11673,2
11674,2
11675,2
11676,0
11677,0
11678,2
11679,2
11680,0
11681,0
11682,0
11683,0
11684,2
11685,0
11686,2
11687,0
11688,0
11689,1
11690,0
11691,0
11692,0
11693,0
11694,2
11695,0
11696,2
11697,0
11698,2
11699,0
11700,0
11701,0
11702,2
11703,0
11704,0
11705,0
11706,2
11707,0
11708,2
11709,0
11710,0
11711,0
11712,1
11713,0
11714,0
11715,0
11716,2
11717,2
11718,0
11719,0
11720,0
11721,0
11722,2
11723,0
11724,0
11725,2
11726,2
11727,0
11728,2
11729,0
11730,0
11731,0
11732,0
11733,0
11734,0
11735,0
11736,0
11737,0
11738,0
11739,0
11740,0
11741,2
11742,2
11743,2
11744,0
11745,0
11746,0
11747,0
11748,0
11749,0
11750,2
11751,0
11752,0
11753,0
11754,0
11755,0
11756,0
11757,0
11758,2
11759,0
11760,0
11761,2
11762,0
11763,2
11764,0
11765,0
11766,0
11767,0
11768,2
11769,0
11770,2
11771,2
11772,2
11773,2
11774,2
11775,0
11776,2
11777,0
11778,0
11779,0
11780,0
11781,2
11782,0
11783,2
11784,2
11785,0
11786,2
11787,0
11788,2
11789,0
11790,2
11791,2
11792,2
11793,0
11794,0
11795,2
11796,2
11797,0
11798,2
11799,0
11800,2
11801,0
11802,0
11803,0
11804,0
11805,1
11806,2
11807,2
11808,0
11809,2
11810,0
11811,2
11812,0
11813,0
11814,2
11815,2
11816,0
11817,2
11818,2
11819,0
11820,0
11821,0
11822,0
11823,0
11824,2
11825,0
11826,2
11827,0
11828,0
11829,0
11830,1
11831,2
11832,2
11833,2
11834,0
11835,0
11836,0
11837,0
11838,0
11839,0
11840,2
11841,2
11842,0
11843,0
11844,0
11845,0
11846,2
11847,2
11848,0
11849,0
11850,0
11851,0
11852,0
11853,2
11854,0
11855,0
11856,0
11857,2
11858,0
11859,0
11860,0
11861,0
11862,0
11863,2
11864,2
11865,2
11866,0
11867,0
11868,0
11869,2
11870,0
11871,0
11872,2
11873,0
11874,0
11875,0
11876,2
11877,2
11878,2
11879,0
11880,0
